Date,"VOC, ppm",AQS,"Temperature, Â°C","Humidity, %","Pressure, mbar","PM1, ug/m3","PM2.5, ug/m3","PM10, ug/m3",Latitude,Longitude
01/11/2021 00:00:00,0.224,91,9.9,46,990.63,1,1,2,,
01/11/2021 00:01:00,0.179,93,9.9,46,990.53,2,2,3,,
01/11/2021 00:02:00,0.209,92,9.8,47,990.43,1,1,2,,
01/11/2021 00:03:00,0.119,95,9.8,47,990.31,2,3,4,,
01/11/2021 00:04:00,0.147,94,9.8,45,989.85,2,2,3,,
01/11/2021 00:05:00,0.227,91,9.9,46,989.61,2,2,4,,
01/11/2021 00:06:00,0.227,91,10.0,46,989.33,1,2,3,,
01/11/2021 00:07:00,0.223,91,9.9,46,989.17,2,3,4,,
01/11/2021 00:08:00,0.24,91,9.9,45,989.59,1,2,3,,
01/11/2021 00:09:00,0.27,89,10.0,44,989.58,1,2,3,,
01/11/2021 00:10:00,0.312,88,10.0,45,989.77,2,3,4,,
01/11/2021 00:11:00,0.361,86,9.9,44,989.96,2,3,4,,
01/11/2021 00:12:00,0.304,88,10.0,44,990.11,2,2,3,,
01/11/2021 00:13:00,0.259,90,9.9,45,989.63,1,2,2,,
01/11/2021 00:14:00,0.254,90,10.0,45,989.16,2,2,3,,
01/11/2021 00:15:00,0.205,92,10.0,45,989.01,,,,,
01/11/2021 00:16:00,0.225,91,10.1,45,989.6,2,3,5,,
01/11/2021 00:17:00,0.252,90,10.2,46,989.49,1,2,3,,
01/11/2021 00:18:00,0.251,90,10.1,45,989.26,2,2,4,,
01/11/2021 00:19:00,0.325,87,10.0,46,989.44,2,3,4,,
01/11/2021 00:20:00,0.386,85,10.1,45,989.08,2,3,4,,
01/11/2021 00:21:00,0.376,85,10.2,44,989.19,2,3,4,,
01/11/2021 00:22:00,0.389,85,10.3,44,989.26,2,3,5,,
01/11/2021 00:23:00,0.399,85,10.4,45,988.84,2,4,6,,
01/11/2021 00:24:00,0.385,85,10.4,45,989.46,2,4,5,,
01/11/2021 00:25:00,0.353,86,10.4,45,989.63,2,3,4,,
01/11/2021 00:26:00,0.355,86,10.4,45,989.48,2,3,4,,
01/11/2021 00:27:00,0.374,85,10.5,45,989.31,1,3,3,,
01/11/2021 00:28:00,0.415,84,10.4,46,989.24,2,3,4,,
01/11/2021 00:29:00,0.356,86,10.5,45,989.15,1,2,3,,
01/11/2021 00:30:00,0.379,85,10.5,46,988.72,1,2,2,,
01/11/2021 00:31:00,0.419,84,10.6,45,989.01,2,3,4,,
01/11/2021 00:32:00,0.574,78,10.5,47,988.66,2,3,4,,
01/11/2021 00:33:00,0.597,77,10.3,48,988.21,2,3,4,,
01/11/2021 00:34:00,0.517,80,10.2,48,988.0,2,4,4,,
01/11/2021 00:35:00,0.493,81,10.3,49,987.85,2,4,4,,
01/11/2021 00:36:00,0.535,79,10.5,49,987.98,2,3,4,,
01/11/2021 00:37:00,0.614,76,10.4,50,988.23,2,5,5,,
01/11/2021 00:38:00,0.55,79,10.6,50,988.53,2,4,5,,
01/11/2021 00:39:00,0.584,78,10.8,50,988.63,1,5,5,,
01/11/2021 00:40:00,0.632,76,10.7,50,988.76,1,5,5,,
01/11/2021 00:41:00,0.683,74,10.6,50,988.68,1,5,5,,
01/11/2021 00:42:00,0.774,70,10.6,50,988.76,1,5,5,,
01/11/2021 00:43:00,0.806,69,10.8,50,988.34,1,5,5,,
01/11/2021 00:44:00,0.768,71,10.8,50,988.15,2,5,6,,
01/11/2021 00:45:00,0.679,74,10.8,50,987.8,2,4,5,,
01/11/2021 00:46:00,0.649,75,10.8,49,987.86,2,5,6,,
01/11/2021 00:47:00,0.665,75,10.8,49,987.72,2,5,7,,
01/11/2021 00:48:00,0.698,73,10.8,49,987.63,2,4,6,,
01/11/2021 00:49:00,0.71,73,10.8,49,987.7,1,4,5,,
01/11/2021 00:50:00,0.738,72,10.8,50,987.72,2,5,7,,
01/11/2021 00:51:00,0.626,76,10.8,49,987.91,1,4,6,,
01/11/2021 00:52:00,0.639,76,10.8,47,987.52,1,5,8,,
01/11/2021 00:53:00,0.532,80,10.7,47,987.97,1,4,8,,
01/11/2021 00:54:00,0.451,83,10.8,46,987.79,1,4,7,,
01/11/2021 00:55:00,0.401,84,11.0,47,988.19,1,4,7,,
01/11/2021 00:56:00,0.398,85,11.0,46,988.47,1,4,7,,
01/11/2021 00:57:00,0.419,84,11.0,46,988.41,1,4,7,,
01/11/2021 00:58:00,0.364,86,11.0,46,988.64,1,4,8,,
01/11/2021 00:59:00,0.292,89,10.9,46,988.23,1,4,8,,
01/11/2021 01:00:00,0.201,92,11.0,48,987.95,1,5,8,,
01/11/2021 01:01:00,0.214,91,10.9,47,987.43,1,4,7,,
01/11/2021 01:02:00,0.131,95,11.0,47,987.7,2,5,7,,
01/11/2021 01:03:00,0.005,99,11.0,49,987.14,2,5,7,,
01/11/2021 01:04:00,0.099,96,11.1,48,986.85,2,6,8,,
01/11/2021 01:05:00,0.072,97,11.0,48,986.27,2,6,8,,
01/11/2021 01:06:00,0.091,96,10.9,48,986.5,2,6,8,,
01/11/2021 01:07:00,0.097,96,10.8,49,986.53,1,6,8,,
01/11/2021 01:08:00,0.1,96,11.2,49,986.11,2,7,9,,
01/11/2021 01:09:00,0.096,96,11.3,49,985.94,2,7,10,,
01/11/2021 01:10:00,0.031,98,11.3,49,985.81,2,6,9,,
01/11/2021 01:11:00,0.032,98,11.4,49,985.79,2,6,9,,
01/11/2021 01:12:00,0.081,96,11.5,49,985.98,3,6,9,,
01/11/2021 01:13:00,0.112,95,11.7,47,985.85,3,7,9,,
01/11/2021 01:14:00,0.138,94,11.8,47,985.91,2,6,9,,
01/11/2021 01:15:00,0.118,95,11.8,47,985.81,2,6,9,,
01/11/2021 01:16:00,0.154,94,11.8,47,985.46,1,5,10,,
01/11/2021 01:17:00,0.16,93,11.7,48,985.3,1,5,10,,
01/11/2021 01:18:00,0.147,94,11.7,48,985.11,2,6,10,,
01/11/2021 01:19:00,0.051,98,11.7,49,985.17,2,7,11,,
01/11/2021 01:20:00,0.082,96,11.8,49,985.18,3,8,12,,
01/11/2021 01:21:00,0.055,97,12.0,49,985.1,2,6,11,,
01/11/2021 01:22:00,0.04,98,11.8,48,985.66,3,7,12,,
01/11/2021 01:23:00,0.101,96,11.7,48,985.81,2,7,11,,
01/11/2021 01:24:00,0.047,98,11.8,48,985.99,3,7,11,,
01/11/2021 01:25:00,0.067,97,11.9,46,985.84,2,7,11,,
01/11/2021 01:26:00,0.059,97,11.8,48,986.05,2,7,10,,
01/11/2021 01:27:00,0.14,94,11.5,48,986.16,2,8,11,,
01/11/2021 01:28:00,0.092,96,11.4,47,986.18,2,8,11,,
01/11/2021 01:29:00,0.03,98,11.5,47,985.84,2,8,12,,
01/11/2021 01:30:00,0.085,96,11.6,46,986.01,2,9,13,,
01/11/2021 01:31:00,0.075,97,11.7,47,986.13,2,8,12,,
01/11/2021 01:32:00,0.087,96,11.8,47,986.12,2,8,12,,
01/11/2021 01:33:00,0.15,94,11.7,47,985.94,2,7,12,,
01/11/2021 01:34:00,0.159,94,11.6,47,985.85,2,7,12,,
01/11/2021 01:35:00,0.219,91,11.6,48,985.63,2,9,13,,
01/11/2021 01:36:00,0.156,94,11.6,48,986.26,3,8,13,,
01/11/2021 01:37:00,0.15,94,11.7,47,986.53,,,,,
01/11/2021 01:38:00,0.181,93,11.6,49,986.85,3,9,13,,
01/11/2021 01:39:00,0.159,94,11.7,48,986.48,3,10,13,,
01/11/2021 01:40:00,0.138,94,11.5,47,986.45,3,11,13,,
01/11/2021 01:41:00,0.121,95,11.5,47,986.68,3,10,14,,
01/11/2021 01:42:00,0.12,95,11.4,47,986.81,2,9,13,,
01/11/2021 01:43:00,0.066,97,11.4,46,986.24,3,10,14,,
01/11/2021 01:44:00,0.134,94,11.4,46,986.66,2,11,14,,
01/11/2021 01:45:00,0.165,93,11.4,46,987.04,2,10,13,,
01/11/2021 01:46:00,0.147,94,11.5,46,986.87,2,9,12,,
01/11/2021 01:47:00,0.183,93,11.6,45,986.81,2,9,12,,
01/11/2021 01:48:00,0.124,95,11.7,45,986.86,2,9,12,,
01/11/2021 01:49:00,0.125,95,11.8,45,986.9,2,8,11,,
01/11/2021 01:50:00,0.14,94,12.1,46,986.9,2,9,11,,
01/11/2021 01:51:00,0.076,97,12.0,45,986.78,2,11,12,,
01/11/2021 01:52:00,0.103,96,12.1,45,986.41,3,11,13,,
01/11/2021 01:53:00,0.068,97,12.1,46,986.31,3,11,13,,
01/11/2021 01:54:00,0.038,98,12.0,46,986.12,3,10,12,,
01/11/2021 01:55:00,0.13,95,12.0,45,986.24,3,9,11,,
01/11/2021 01:56:00,0.223,91,11.9,46,985.97,3,9,11,,
01/11/2021 01:57:00,0.305,88,12.0,46,986.14,3,8,10,,
01/11/2021 01:58:00,0.362,86,12.1,47,986.14,3,9,10,,
01/11/2021 01:59:00,0.287,89,12.1,47,986.46,3,8,10,,
01/11/2021 02:00:00,0.285,89,12.0,49,986.31,3,8,10,,
01/11/2021 02:01:00,0.278,89,12.0,49,986.63,3,8,10,,
01/11/2021 02:02:00,0.148,94,12.0,49,986.57,2,7,9,,
01/11/2021 02:03:00,0.134,94,11.9,48,986.81,2,7,8,,
01/11/2021 02:04:00,0.228,91,12.0,46,986.33,2,7,8,,
01/11/2021 02:05:00,0.223,91,12.0,47,986.24,2,6,8,,
01/11/2021 02:06:00,0.219,91,12.0,47,986.54,,,,,
01/11/2021 02:07:00,0.187,92,11.8,45,986.43,1,6,8,,
01/11/2021 02:08:00,0.189,92,11.7,44,986.2,1,5,8,,
01/11/2021 02:09:00,0.105,96,11.7,44,986.01,2,6,8,,
01/11/2021 02:10:00,0.039,98,11.6,44,986.6,2,5,7,,
01/11/2021 02:11:00,0.077,97,11.7,43,986.44,2,4,7,,
01/11/2021 02:12:00,0.072,97,11.7,43,986.3,2,4,7,,
01/11/2021 02:13:00,0.007,99,11.8,43,986.62,2,4,6,,
01/11/2021 02:14:00,0.071,97,11.8,43,986.55,2,4,6,,
01/11/2021 02:15:00,0.052,98,11.8,42,986.68,2,3,5,,
01/11/2021 02:16:00,0.137,94,11.8,42,986.63,2,3,5,,
01/11/2021 02:17:00,0.164,93,11.8,43,986.65,2,3,6,,
01/11/2021 02:18:00,0.178,93,11.7,44,986.55,2,3,6,,
01/11/2021 02:19:00,0.283,89,11.9,45,986.43,2,3,5,,
01/11/2021 02:20:00,0.331,87,11.8,45,986.13,2,3,5,,
01/11/2021 02:21:00,0.297,88,11.8,46,986.45,2,3,5,,
01/11/2021 02:22:00,0.293,89,11.7,46,986.2,2,4,6,,
01/11/2021 02:23:00,0.357,86,11.6,45,986.41,2,3,6,,
01/11/2021 02:24:00,0.409,84,11.5,45,986.37,2,3,6,,
01/11/2021 02:25:00,0.327,87,11.4,44,986.21,2,3,6,,
01/11/2021 02:26:00,0.179,93,11.4,45,986.53,2,3,5,,
01/11/2021 02:27:00,0.15,94,11.3,44,986.53,1,2,5,,
01/11/2021 02:28:00,0.232,91,11.4,44,986.42,1,2,5,,
01/11/2021 02:29:00,0.24,91,11.6,43,986.96,1,2,5,,
01/11/2021 02:30:00,0.298,88,11.6,43,987.2,1,2,5,,
01/11/2021 02:31:00,0.274,89,11.7,43,986.97,1,2,5,,
01/11/2021 02:32:00,0.356,86,11.6,43,987.02,1,3,6,,
01/11/2021 02:33:00,0.327,87,11.6,43,987.05,1,3,5,,
01/11/2021 02:34:00,0.301,88,11.5,45,986.94,1,3,5,,
01/11/2021 02:35:00,0.201,92,11.7,45,986.99,1,4,7,,
01/11/2021 02:36:00,0.267,90,11.7,46,987.22,1,3,6,,
01/11/2021 02:37:00,0.257,90,11.6,46,987.12,1,3,6,,
01/11/2021 02:38:00,0.293,88,11.6,45,987.52,1,3,6,,
01/11/2021 02:39:00,0.25,90,11.7,46,987.7,1,2,5,,
01/11/2021 02:40:00,0.195,92,11.6,46,988.21,1,3,5,,
01/11/2021 02:41:00,0.252,90,11.8,47,988.49,1,3,5,,
01/11/2021 02:42:00,0.344,87,12.0,47,988.84,1,3,5,,
01/11/2021 02:43:00,0.344,87,12.0,46,988.78,1,3,6,,
01/11/2021 02:44:00,0.398,85,12.1,46,988.91,1,3,6,,
01/11/2021 02:45:00,0.408,84,12.0,47,988.72,1,3,6,,
01/11/2021 02:46:00,0.404,84,12.1,46,988.95,1,4,6,,
01/11/2021 02:47:00,0.473,82,12.2,46,988.87,1,3,6,,
01/11/2021 02:48:00,0.392,85,12.2,46,988.81,1,4,7,,
01/11/2021 02:49:00,0.466,82,12.2,46,988.63,1,4,7,,
01/11/2021 02:50:00,0.51,80,12.2,47,988.58,1,3,6,,
01/11/2021 02:51:00,0.536,79,12.3,47,988.33,1,3,6,,
01/11/2021 02:52:00,0.45,83,12.2,48,988.08,1,3,7,,
01/11/2021 02:53:00,0.506,81,12.3,46,988.4,1,3,7,,
01/11/2021 02:54:00,0.587,77,12.3,45,988.76,1,4,7,,
01/11/2021 02:55:00,0.646,75,12.0,43,988.68,1,4,7,,
01/11/2021 02:56:00,0.708,73,12.1,43,988.54,1,4,8,,
01/11/2021 02:57:00,0.752,71,12.2,44,988.86,1,4,8,,
01/11/2021 02:58:00,0.729,72,12.2,44,989.34,1,3,7,,
01/11/2021 02:59:00,0.643,75,12.0,43,989.28,1,3,7,,
01/11/2021 03:00:00,0.677,74,12.0,43,989.59,1,4,8,,
01/11/2021 03:01:00,0.656,75,11.9,43,989.34,1,3,8,,
01/11/2021 03:02:00,0.707,73,11.9,43,989.69,1,2,7,,
01/11/2021 03:03:00,0.713,73,11.8,45,989.61,1,3,7,,
01/11/2021 03:04:00,0.643,75,11.7,46,989.54,1,4,8,,
01/11/2021 03:05:00,0.596,77,11.6,46,989.93,2,5,8,,
01/11/2021 03:06:00,0.651,75,11.7,46,989.61,,,,,
01/11/2021 03:07:00,0.681,74,11.7,46,989.73,2,5,8,,
01/11/2021 03:08:00,0.674,74,11.8,46,989.76,2,5,8,,
01/11/2021 03:09:00,0.626,76,11.8,46,990.31,2,5,8,,
01/11/2021 03:10:00,0.675,74,11.8,46,990.73,2,5,8,,
01/11/2021 03:11:00,0.667,74,11.8,48,990.34,2,5,8,,
01/11/2021 03:12:00,0.709,73,11.9,48,990.1,2,4,7,,
01/11/2021 03:13:00,0.761,71,11.8,48,989.92,2,5,8,,
01/11/2021 03:14:00,0.762,71,12.0,48,990.0,2,4,6,,
01/11/2021 03:15:00,0.887,66,12.0,47,990.45,2,5,7,,
01/11/2021 03:16:00,0.765,71,12.1,48,990.8,2,5,7,,
01/11/2021 03:17:00,0.74,72,12.0,47,990.7,2,5,7,,
01/11/2021 03:18:00,0.815,69,12.1,48,990.78,1,5,6,,
01/11/2021 03:19:00,0.845,68,12.1,49,990.81,2,5,6,,
01/11/2021 03:20:00,0.755,71,12.2,49,990.77,2,5,6,,
01/11/2021 03:21:00,0.8,69,12.4,48,991.07,1,4,5,,
01/11/2021 03:22:00,0.778,70,12.6,47,991.13,1,4,4,,
01/11/2021 03:23:00,0.713,73,12.4,46,991.37,2,3,4,,
01/11/2021 03:24:00,0.68,74,12.3,45,991.47,2,4,5,,
01/11/2021 03:25:00,0.59,77,12.5,46,991.51,2,3,4,,
01/11/2021 03:26:00,0.525,80,12.4,47,991.5,2,4,5,,
01/11/2021 03:27:00,0.511,80,12.5,46,991.32,3,5,6,,
01/11/2021 03:28:00,0.474,82,12.5,47,991.5,2,5,6,,
01/11/2021 03:29:00,0.557,79,12.4,47,991.28,2,5,6,,
01/11/2021 03:30:00,0.628,76,12.2,47,991.37,2,5,6,,
01/11/2021 03:31:00,0.581,78,12.2,47,991.24,2,6,7,,
01/11/2021 03:32:00,0.605,77,12.3,47,991.27,3,7,8,,
01/11/2021 03:33:00,0.641,75,12.3,47,991.4,3,7,8,,
01/11/2021 03:34:00,0.654,75,12.4,47,991.58,3,6,7,,
01/11/2021 03:35:00,0.699,73,12.4,48,991.74,3,6,8,,
01/11/2021 03:36:00,0.694,73,12.3,48,991.84,3,5,7,,
01/11/2021 03:37:00,0.691,74,12.3,47,991.62,3,5,7,,
01/11/2021 03:38:00,0.71,73,12.5,47,991.38,3,6,8,,
01/11/2021 03:39:00,0.754,71,12.5,47,991.37,4,7,8,,
01/11/2021 03:40:00,0.754,71,12.4,46,991.24,3,6,8,,
01/11/2021 03:41:00,0.752,71,12.4,46,991.14,3,5,7,,
01/11/2021 03:42:00,0.812,69,12.5,47,990.67,3,5,7,,
01/11/2021 03:43:00,0.912,65,12.6,47,990.98,3,5,8,,
01/11/2021 03:44:00,0.966,63,12.6,47,990.89,3,5,7,,
01/11/2021 03:45:00,0.962,63,12.5,46,990.96,3,6,8,,
01/11/2021 03:46:00,1.059,60,12.3,46,990.99,3,6,9,,
01/11/2021 03:47:00,1.009,62,12.4,45,990.57,2,5,9,,
01/11/2021 03:48:00,1.018,61,12.4,47,990.59,2,5,10,,
01/11/2021 03:49:00,1.023,61,12.4,48,991.01,2,6,11,,
01/11/2021 03:50:00,0.997,62,12.5,47,991.07,2,7,11,,
01/11/2021 03:51:00,1.03,61,12.5,46,990.87,2,7,11,,
01/11/2021 03:52:00,1.069,59,12.6,47,990.87,2,8,12,,
01/11/2021 03:53:00,1.074,59,12.5,47,991.08,2,7,11,,
01/11/2021 03:54:00,1.079,59,12.5,47,990.89,2,7,12,,
01/11/2021 03:55:00,1.138,57,12.5,46,991.25,2,7,11,,
01/11/2021 03:56:00,1.133,57,12.5,46,991.69,1,6,11,,
01/11/2021 03:57:00,1.103,58,12.6,45,991.89,2,6,11,,
01/11/2021 03:58:00,1.13,57,12.4,46,992.26,2,6,11,,
01/11/2021 03:59:00,1.139,57,12.5,45,992.22,2,6,10,,
01/11/2021 04:00:00,1.141,57,12.5,46,992.0,2,6,10,,
01/11/2021 04:01:00,1.07,59,12.5,45,991.78,2,6,10,,
01/11/2021 04:02:00,1.106,58,12.4,44,992.25,3,7,10,,
01/11/2021 04:03:00,1.117,58,12.4,43,992.01,,,,,
01/11/2021 04:04:00,1.129,57,12.5,42,991.67,3,7,11,,
01/11/2021 04:05:00,1.074,59,12.4,42,991.95,3,7,12,,
01/11/2021 04:06:00,1.035,61,12.2,43,991.78,4,9,13,,
01/11/2021 04:07:00,1.055,60,12.1,43,992.11,4,8,14,,
01/11/2021 04:08:00,1.041,60,12.0,43,992.11,3,8,13,,
01/11/2021 04:09:00,0.989,62,12.0,44,992.15,3,8,13,,
01/11/2021 04:10:00,0.964,63,11.9,44,992.36,2,7,13,,
01/11/2021 04:11:00,0.95,64,11.9,44,992.63,2,7,14,,
01/11/2021 04:12:00,0.894,66,11.7,44,993.14,2,8,14,,
01/11/2021 04:13:00,0.854,67,11.7,43,993.15,3,9,15,,
01/11/2021 04:14:00,0.832,68,11.8,43,993.29,3,9,15,,
01/11/2021 04:15:00,0.915,65,11.9,42,993.29,3,10,14,,
01/11/2021 04:16:00,0.923,65,11.8,41,992.75,4,11,14,,
01/11/2021 04:17:00,1.007,62,11.9,42,992.95,4,12,14,,
01/11/2021 04:18:00,0.977,63,11.8,43,992.91,4,12,16,,
01/11/2021 04:19:00,0.942,64,11.9,43,992.76,4,12,16,,
01/11/2021 04:20:00,0.955,64,11.9,44,992.84,4,10,16,,
01/11/2021 04:21:00,0.985,63,12.1,44,992.68,3,9,15,,
01/11/2021 04:22:00,0.986,63,12.0,43,992.6,2,8,14,,
01/11/2021 04:23:00,0.982,63,12.0,43,992.58,2,8,13,,
01/11/2021 04:24:00,1.117,58,12.0,43,992.62,2,8,14,,
01/11/2021 04:25:00,1.117,58,12.1,42,992.8,2,7,13,,
01/11/2021 04:26:00,1.058,60,12.2,42,992.42,2,8,13,,
01/11/2021 04:27:00,0.971,63,12.0,41,992.48,1,8,13,,
01/11/2021 04:28:00,1.0,62,12.2,43,992.48,2,9,14,,
01/11/2021 04:29:00,0.984,63,12.1,43,992.34,3,9,14,,
01/11/2021 04:30:00,0.967,63,12.1,43,992.63,3,8,14,,
01/11/2021 04:31:00,1.028,61,12.1,43,992.35,3,10,15,,
01/11/2021 04:32:00,0.985,63,12.0,44,992.19,3,9,16,,
01/11/2021 04:33:00,1.002,62,12.1,45,992.18,3,8,16,,
01/11/2021 04:34:00,0.933,65,12.1,45,992.16,3,8,15,,
01/11/2021 04:35:00,0.933,65,12.1,45,992.71,3,8,15,,
01/11/2021 04:36:00,0.951,64,12.1,45,992.45,3,8,15,,
01/11/2021 04:37:00,0.902,66,12.3,45,992.43,3,9,15,,
01/11/2021 04:38:00,0.841,68,12.3,45,992.9,4,9,15,,
01/11/2021 04:39:00,0.848,68,12.5,45,992.75,5,10,14,,
01/11/2021 04:40:00,0.817,69,12.7,47,992.68,5,11,14,,
01/11/2021 04:41:00,0.845,68,12.8,46,992.91,6,13,15,,
01/11/2021 04:42:00,0.79,70,12.7,48,993.06,6,13,15,,
01/11/2021 04:43:00,0.829,68,12.8,48,992.95,8,14,16,,
01/11/2021 04:44:00,0.861,67,12.7,49,993.2,8,13,15,,
01/11/2021 04:45:00,0.807,69,12.7,49,993.41,7,12,16,,
01/11/2021 04:46:00,0.903,66,12.7,48,993.15,7,13,16,,
01/11/2021 04:47:00,0.819,69,12.7,49,992.73,7,12,16,,
01/11/2021 04:48:00,0.854,67,12.7,47,992.6,7,13,17,,
01/11/2021 04:49:00,0.83,68,12.6,48,992.43,7,13,17,,
01/11/2021 04:50:00,0.895,66,12.6,49,992.46,9,14,17,,
01/11/2021 04:51:00,0.847,68,12.6,48,993.19,11,15,18,,
01/11/2021 04:52:00,0.796,70,12.7,47,993.28,10,14,19,,
01/11/2021 04:53:00,0.839,68,12.8,48,992.98,10,13,19,,
01/11/2021 04:54:00,0.92,65,12.9,47,993.29,11,15,20,,
01/11/2021 04:55:00,0.932,65,12.9,47,993.62,13,16,21,,
01/11/2021 04:56:00,0.97,63,12.9,47,994.28,14,18,21,,
01/11/2021 04:57:00,0.927,65,13.0,48,994.59,12,17,21,,
01/11/2021 04:58:00,0.942,64,12.9,49,994.57,13,16,21,,
01/11/2021 04:59:00,0.891,66,12.9,47,994.55,13,16,22,,
01/11/2021 05:00:00,0.902,66,12.8,47,994.56,13,16,20,,
01/11/2021 05:01:00,0.922,65,12.8,47,994.17,12,16,20,,
01/11/2021 05:02:00,0.902,66,12.7,46,993.95,12,17,20,,
01/11/2021 05:03:00,0.827,68,12.9,46,993.81,12,16,19,,
01/11/2021 05:04:00,0.756,71,12.8,44,993.62,14,17,20,,
01/11/2021 05:05:00,0.753,71,12.8,42,993.45,12,16,20,,
01/11/2021 05:06:00,0.731,72,12.7,43,993.3,13,17,21,,
01/11/2021 05:07:00,0.611,77,12.8,44,993.2,12,18,22,,
01/11/2021 05:08:00,0.618,76,12.8,44,993.23,10,16,21,,
01/11/2021 05:09:00,0.566,78,12.7,45,992.92,,,,,
01/11/2021 05:10:00,0.612,77,12.7,44,992.66,11,20,23,,
01/11/2021 05:11:00,0.587,78,12.5,44,993.08,12,20,24,,
01/11/2021 05:12:00,0.639,76,12.7,44,992.65,12,21,24,,
01/11/2021 05:13:00,0.684,74,12.6,44,992.46,11,20,24,,
01/11/2021 05:14:00,0.677,74,12.5,45,992.68,10,20,25,,
01/11/2021 05:15:00,0.762,71,12.8,45,992.62,10,19,24,,
01/11/2021 05:16:00,0.765,71,12.9,45,992.52,10,18,24,,
01/11/2021 05:17:00,0.745,72,12.8,46,992.47,11,20,24,,
01/11/2021 05:18:00,0.75,71,12.8,46,992.23,10,18,24,,
01/11/2021 05:19:00,0.658,75,12.8,45,992.06,8,16,22,,
01/11/2021 05:20:00,0.701,73,12.7,46,991.81,8,15,22,,
01/11/2021 05:21:00,0.675,74,12.9,46,991.5,8,15,21,,
01/11/2021 05:22:00,0.53,80,12.9,48,991.28,8,16,22,,
01/11/2021 05:23:00,0.546,79,12.9,48,991.86,8,16,23,,
01/11/2021 05:24:00,0.545,79,13.0,48,992.11,8,16,23,,
01/11/2021 05:25:00,0.606,77,12.8,47,991.96,9,16,23,,
01/11/2021 05:26:00,0.618,76,12.9,46,991.77,6,14,22,,
01/11/2021 05:27:00,0.61,77,13.0,46,991.79,8,14,22,,
01/11/2021 05:28:00,0.579,78,13.1,46,991.33,9,15,22,,
01/11/2021 05:29:00,0.524,80,13.0,46,991.41,11,17,23,,
01/11/2021 05:30:00,0.505,81,12.9,46,991.16,12,18,23,,
01/11/2021 05:31:00,0.506,81,12.8,47,990.94,14,20,25,,
01/11/2021 05:32:00,0.638,76,12.7,46,990.51,16,21,25,,
01/11/2021 05:33:00,0.662,75,12.8,46,990.29,14,20,24,,
01/11/2021 05:34:00,0.612,77,12.7,46,990.14,16,21,26,,
01/11/2021 05:35:00,0.637,76,12.6,45,989.96,13,18,25,,
01/11/2021 05:36:00,0.633,76,12.4,45,989.74,12,18,25,,
01/11/2021 05:37:00,0.561,78,12.3,45,989.64,13,18,25,,
01/11/2021 05:38:00,0.543,79,12.5,45,989.66,14,20,27,,
01/11/2021 05:39:00,0.504,81,12.5,44,989.84,13,20,27,,
01/11/2021 05:40:00,0.532,80,12.4,45,989.89,12,19,26,,
01/11/2021 05:41:00,0.562,78,12.4,44,989.75,13,19,27,,
01/11/2021 05:42:00,0.515,80,12.4,43,989.73,13,19,26,,
01/11/2021 05:43:00,0.519,80,12.3,44,989.64,14,21,28,,
01/11/2021 05:44:00,0.55,79,12.3,46,989.3,16,21,28,,
01/11/2021 05:45:00,0.587,78,12.2,45,989.11,14,20,27,,
01/11/2021 05:46:00,0.641,75,12.2,44,988.87,13,21,27,,
01/11/2021 05:47:00,0.559,79,12.1,44,989.07,12,20,27,,
01/11/2021 05:48:00,0.487,81,12.1,43,988.77,12,20,27,,
01/11/2021 05:49:00,0.468,82,12.2,44,988.31,10,18,27,,
01/11/2021 05:50:00,0.49,81,12.2,44,988.26,7,16,26,,
01/11/2021 05:51:00,0.546,79,12.2,44,988.16,7,17,25,,
01/11/2021 05:52:00,0.451,83,12.3,43,988.31,5,15,24,,
01/11/2021 05:53:00,0.342,87,12.3,42,988.43,5,14,24,,
01/11/2021 05:54:00,0.36,86,12.4,44,988.52,6,16,25,,
01/11/2021 05:55:00,0.365,86,12.4,44,988.43,7,16,25,,
01/11/2021 05:56:00,0.332,87,12.3,45,988.17,5,15,23,,
01/11/2021 05:57:00,0.335,87,12.3,45,988.12,,,,,
01/11/2021 05:58:00,0.249,90,12.3,43,987.97,5,15,23,,
01/11/2021 05:59:00,0.27,89,12.4,43,987.92,5,15,24,,
01/11/2021 06:00:00,0.208,92,12.6,43,987.65,6,17,25,,
01/11/2021 06:01:00,0.155,94,12.7,44,987.49,6,17,25,,
01/11/2021 06:02:00,0.145,94,12.7,44,987.58,6,15,25,,
01/11/2021 06:03:00,0.13,95,12.6,43,987.36,8,16,26,,
01/11/2021 06:04:00,0.05,98,12.6,44,987.48,7,16,26,,
01/11/2021 06:05:00,0.052,98,12.6,44,987.35,7,16,26,,
01/11/2021 06:06:00,0.059,97,12.4,43,987.21,7,15,25,,
01/11/2021 06:07:00,0.053,98,12.2,44,987.45,7,16,25,,
01/11/2021 06:08:00,0.056,97,12.1,44,987.37,6,17,25,,
01/11/2021 06:09:00,0.078,97,12.1,44,987.52,5,16,25,,
01/11/2021 06:10:00,0.175,93,12.1,44,987.23,6,16,25,,
01/11/2021 06:11:00,0.098,96,12.0,43,987.35,5,17,25,,
01/11/2021 06:12:00,0.03,98,12.3,42,987.28,6,18,26,,
01/11/2021 06:13:00,0.075,97,12.2,41,987.34,6,19,25,,
01/11/2021 06:14:00,0.164,93,12.4,40,987.84,5,16,24,,
01/11/2021 06:15:00,0.161,93,12.3,41,988.15,4,16,24,,
01/11/2021 06:16:00,0.12,95,12.2,41,987.98,3,16,24,,
01/11/2021 06:17:00,0.081,96,12.2,42,988.18,3,15,24,,
01/11/2021 06:18:00,0.137,94,12.2,41,988.21,4,19,25,,
01/11/2021 06:19:00,0.049,98,12.2,42,988.57,4,19,25,,
01/11/2021 06:20:00,0.065,97,12.0,41,988.39,3,19,26,,
01/11/2021 06:21:00,0.049,98,12.1,42,988.26,3,21,25,,
01/11/2021 06:22:00,0.104,96,12.0,43,988.45,4,21,27,,
01/11/2021 06:23:00,0.2,92,12.1,44,988.68,4,20,27,,
01/11/2021 06:24:00,0.152,94,12.2,44,988.52,5,20,27,,
01/11/2021 06:25:00,0.09,96,12.3,43,988.79,7,21,27,,
01/11/2021 06:26:00,0.09,96,12.2,44,988.84,6,22,27,,
01/11/2021 06:27:00,0.148,94,12.3,43,988.53,7,21,27,,
01/11/2021 06:28:00,0.153,94,12.1,43,988.5,7,23,28,,
01/11/2021 06:29:00,0.244,90,12.1,43,988.44,6,22,28,,
01/11/2021 06:30:00,0.26,90,12.2,42,988.66,5,19,27,,
01/11/2021 06:31:00,0.269,89,12.3,42,988.41,4,20,28,,
01/11/2021 06:32:00,0.303,88,12.3,42,988.13,4,20,28,,
01/11/2021 06:33:00,0.263,90,12.3,43,988.33,3,19,28,,
01/11/2021 06:34:00,0.251,90,12.0,43,987.98,4,16,27,,
01/11/2021 06:35:00,0.263,90,12.2,43,988.2,3,15,26,,
01/11/2021 06:36:00,0.251,90,12.1,43,988.76,3,15,26,,
01/11/2021 06:37:00,0.261,90,12.3,43,988.7,4,13,26,,
01/11/2021 06:38:00,0.272,89,12.4,45,988.74,5,13,25,,
01/11/2021 06:39:00,0.352,86,12.2,45,988.86,4,15,26,,
01/11/2021 06:40:00,0.396,85,12.3,46,988.56,3,12,25,,
01/11/2021 06:41:00,0.397,85,12.3,45,988.34,3,10,24,,
01/11/2021 06:42:00,0.413,84,12.4,45,988.02,2,10,23,,
01/11/2021 06:43:00,0.397,85,12.5,45,988.46,2,12,24,,
01/11/2021 06:44:00,0.342,87,12.6,46,988.45,3,11,24,,
01/11/2021 06:45:00,0.313,88,12.7,45,988.42,3,11,24,,
01/11/2021 06:46:00,0.375,85,12.7,45,988.51,2,9,24,,
01/11/2021 06:47:00,0.428,83,12.5,45,988.61,2,8,24,,
01/11/2021 06:48:00,0.4,85,12.5,45,988.5,3,9,24,,
01/11/2021 06:49:00,0.441,83,12.5,45,988.28,4,10,25,,
01/11/2021 06:50:00,0.424,84,12.6,44,988.05,5,13,24,,
01/11/2021 06:51:00,0.493,81,12.7,44,988.05,5,13,25,,
01/11/2021 06:52:00,0.535,79,12.6,44,987.88,7,15,24,,
01/11/2021 06:53:00,0.484,81,12.7,44,987.47,7,16,24,,
01/11/2021 06:54:00,0.524,80,12.7,44,987.21,6,15,24,,
01/11/2021 06:55:00,0.594,77,12.5,44,987.04,6,13,23,,
01/11/2021 06:56:00,0.625,76,12.4,44,986.96,6,13,24,,
01/11/2021 06:57:00,0.535,79,12.3,44,987.06,7,12,23,,
01/11/2021 06:58:00,0.587,77,12.2,44,987.09,6,10,24,,
01/11/2021 06:59:00,0.57,78,12.3,43,987.24,7,13,25,,
01/11/2021 07:00:00,0.644,75,12.4,44,987.43,10,17,27,,
01/11/2021 07:01:00,0.618,76,12.3,45,987.36,11,17,26,,
01/11/2021 07:02:00,0.562,78,12.3,45,987.2,11,18,26,,
01/11/2021 07:03:00,0.525,80,12.5,46,987.34,11,19,27,,
01/11/2021 07:04:00,0.418,84,12.4,46,986.95,11,17,28,,
01/11/2021 07:05:00,0.418,84,12.4,46,987.02,10,16,29,,
01/11/2021 07:06:00,0.446,83,12.4,46,986.6,11,16,29,,
01/11/2021 07:07:00,0.443,83,12.5,46,986.43,12,17,30,,
01/11/2021 07:08:00,0.463,82,12.4,46,986.49,11,16,31,,
01/11/2021 07:09:00,0.422,84,12.5,45,986.43,11,16,30,,
01/11/2021 07:10:00,0.433,83,12.6,44,986.18,14,18,32,,
01/11/2021 07:11:00,0.351,86,12.6,44,986.69,14,18,32,,
01/11/2021 07:12:00,0.4,84,12.5,42,986.5,13,18,33,,
01/11/2021 07:13:00,0.419,84,12.5,41,986.65,12,17,33,,
01/11/2021 07:14:00,0.368,86,12.4,39,987.18,9,13,33,,
01/11/2021 07:15:00,0.382,85,12.0,39,987.41,7,12,33,,
01/11/2021 07:16:00,0.345,87,12.0,38,987.43,7,11,34,,
01/11/2021 07:17:00,0.342,87,12.0,38,987.39,8,10,34,,
01/11/2021 07:18:00,0.388,85,12.1,37,987.25,8,12,35,,
01/11/2021 07:19:00,0.369,86,12.1,37,987.23,8,12,35,,
01/11/2021 07:20:00,0.46,82,12.1,36,987.08,7,11,35,,
01/11/2021 07:21:00,0.531,80,12.2,37,986.98,8,11,36,,
01/11/2021 07:22:00,0.484,81,12.1,36,986.68,9,12,35,,
01/11/2021 07:23:00,0.586,78,12.2,36,987.04,8,10,35,,
01/11/2021 07:24:00,0.549,79,12.4,36,987.09,8,10,35,,
01/11/2021 07:25:00,0.608,77,12.2,36,987.26,10,12,35,,
01/11/2021 07:26:00,0.559,79,12.2,37,987.27,10,13,35,,
01/11/2021 07:27:00,0.638,76,12.3,36,987.07,9,12,35,,
01/11/2021 07:28:00,0.667,74,12.1,37,986.97,10,14,36,,
01/11/2021 07:29:00,0.731,72,12.0,37,986.85,8,12,35,,
01/11/2021 07:30:00,0.735,72,11.7,38,986.74,8,13,36,,
01/11/2021 07:31:00,0.825,69,11.7,37,986.49,,,,,
01/11/2021 07:32:00,0.841,68,11.8,37,986.79,7,11,36,,
01/11/2021 07:33:00,0.842,68,11.7,37,986.72,8,12,36,,
01/11/2021 07:34:00,0.781,70,11.8,37,986.92,7,12,35,,
01/11/2021 07:35:00,0.715,73,11.8,36,987.41,8,13,35,,
01/11/2021 07:36:00,0.709,73,11.9,36,987.82,7,12,35,,
01/11/2021 07:37:00,0.713,73,11.7,36,987.81,6,11,34,,
01/11/2021 07:38:00,0.652,75,11.7,36,988.32,9,14,33,,
01/11/2021 07:39:00,0.693,74,11.7,36,988.49,9,16,33,,
01/11/2021 07:40:00,0.734,72,11.7,36,988.9,8,15,32,,
01/11/2021 07:41:00,0.744,72,11.7,37,988.54,8,17,33,,
01/11/2021 07:42:00,0.741,72,11.5,36,988.69,,,,,
01/11/2021 07:43:00,0.704,73,11.5,35,988.88,,,,,
01/11/2021 07:44:00,0.763,71,11.4,36,988.77,10,18,35,,
01/11/2021 07:45:00,0.725,72,11.4,36,988.64,9,18,33,,
01/11/2021 07:46:00,0.798,70,11.4,36,988.79,10,18,34,,
01/11/2021 07:47:00,0.76,71,11.5,37,988.57,10,20,34,,
01/11/2021 07:48:00,0.821,69,11.5,39,988.46,10,19,35,,
01/11/2021 07:49:00,0.783,70,11.6,38,988.23,10,21,36,,
01/11/2021 07:50:00,0.814,69,11.7,39,988.17,10,25,36,,
01/11/2021 07:51:00,0.874,67,11.7,38,988.13,12,26,36,,
01/11/2021 07:52:00,0.803,69,11.8,38,988.29,11,25,36,,
01/11/2021 07:53:00,0.75,71,11.9,37,988.08,13,25,36,,
01/11/2021 07:54:00,0.806,69,11.7,38,988.12,15,25,36,,
01/11/2021 07:55:00,0.849,68,11.5,38,988.04,14,25,36,,
01/11/2021 07:56:00,0.847,68,11.7,38,988.01,16,28,37,,
01/11/2021 07:57:00,0.789,70,11.7,38,987.67,17,31,37,,
01/11/2021 07:58:00,0.845,68,11.8,38,987.76,16,29,37,,
01/11/2021 07:59:00,0.84,68,11.9,39,988.11,16,29,37,,
01/11/2021 08:00:00,0.808,69,11.8,38,987.94,14,27,36,,
01/11/2021 08:01:00,0.831,68,11.9,38,987.61,14,28,36,,
01/11/2021 08:02:00,0.795,70,11.9,38,988.01,16,31,37,,
01/11/2021 08:03:00,0.779,70,11.8,39,988.36,13,29,37,,
01/11/2021 08:04:00,0.85,68,11.7,39,988.67,13,27,37,,
01/11/2021 08:05:00,0.844,68,11.4,39,988.57,13,30,37,,
01/11/2021 08:06:00,0.787,70,11.3,39,989.0,17,31,38,,
01/11/2021 08:07:00,0.811,69,11.3,39,989.26,19,33,38,,
01/11/2021 08:08:00,0.711,73,11.5,38,988.94,18,31,38,,
01/11/2021 08:09:00,0.728,72,11.5,39,988.7,19,31,37,,
01/11/2021 08:10:00,0.68,74,11.7,38,988.45,18,28,37,,
01/11/2021 08:11:00,0.762,71,11.7,38,988.18,16,28,39,,
01/11/2021 08:12:00,0.702,73,11.8,38,988.48,15,28,39,,
01/11/2021 08:13:00,0.614,76,11.9,38,988.22,16,27,38,,
01/11/2021 08:14:00,0.525,80,12.1,38,988.33,17,25,37,,
01/11/2021 08:15:00,0.538,79,12.1,37,988.07,17,25,37,,
01/11/2021 08:16:00,0.626,76,12.1,38,988.05,14,22,35,,
01/11/2021 08:17:00,0.552,79,12.0,37,987.9,13,18,35,,
01/11/2021 08:18:00,0.54,79,12.0,37,987.64,12,18,36,,
01/11/2021 08:19:00,0.557,79,12.4,37,987.71,13,22,36,,
01/11/2021 08:20:00,0.553,79,12.4,39,987.68,13,22,36,,
01/11/2021 08:21:00,0.561,78,12.3,40,988.02,14,23,36,,
01/11/2021 08:22:00,0.492,81,12.3,40,987.81,15,25,37,,
01/11/2021 08:23:00,0.559,79,12.5,42,987.8,16,23,38,,
01/11/2021 08:24:00,0.585,78,12.4,42,987.73,15,21,37,,
01/11/2021 08:25:00,0.577,78,12.6,41,987.57,13,18,36,,
01/11/2021 08:26:00,0.661,75,12.7,41,987.83,14,19,35,,
01/11/2021 08:27:00,0.617,76,12.8,42,987.71,15,19,34,,
01/11/2021 08:28:00,0.628,76,12.8,41,987.68,19,25,35,,
01/11/2021 08:29:00,0.497,81,12.9,41,987.67,19,23,34,,
01/11/2021 08:30:00,0.467,82,12.9,42,987.92,17,22,34,,
01/11/2021 08:31:00,0.471,82,12.9,40,988.46,17,23,33,,
01/11/2021 08:32:00,0.448,83,13.0,41,988.27,18,23,32,,
01/11/2021 08:33:00,0.432,83,13.1,40,988.1,20,27,32,,
01/11/2021 08:34:00,0.494,81,13.1,41,988.14,20,26,34,,
01/11/2021 08:35:00,0.509,80,13.0,42,987.79,19,24,33,,
01/11/2021 08:36:00,0.426,84,13.2,42,987.99,21,25,34,,
01/11/2021 08:37:00,0.416,84,13.2,43,988.02,18,24,34,,
01/11/2021 08:38:00,0.407,84,13.3,43,988.65,17,22,33,,
01/11/2021 08:39:00,0.451,83,13.2,43,989.12,16,19,32,,
01/11/2021 08:40:00,0.497,81,13.1,44,989.26,17,20,32,,
01/11/2021 08:41:00,0.475,82,13.1,44,989.16,16,19,32,,
01/11/2021 08:42:00,0.398,85,13.2,44,989.5,12,14,32,,
01/11/2021 08:43:00,0.38,85,13.2,44,989.45,9,12,31,,
01/11/2021 08:44:00,0.472,82,13.1,44,989.01,8,9,31,,
01/11/2021 08:45:00,0.495,81,13.1,44,989.04,8,11,31,,
01/11/2021 08:46:00,0.414,84,13.2,44,989.16,9,12,31,,
01/11/2021 08:47:00,0.416,84,13.2,45,989.59,8,11,30,,
01/11/2021 08:48:00,0.409,84,13.3,45,989.53,7,9,31,,
01/11/2021 08:49:00,0.407,84,13.3,45,989.71,7,9,30,,
01/11/2021 08:50:00,0.335,87,13.4,44,989.56,6,8,29,,
01/11/2021 08:51:00,0.423,84,13.4,43,989.14,7,10,29,,
01/11/2021 08:52:00,0.453,82,13.5,43,989.15,6,9,30,,
01/11/2021 08:53:00,0.518,80,13.6,44,989.11,7,10,30,,
01/11/2021 08:54:00,0.513,80,13.5,43,989.05,9,11,30,,
01/11/2021 08:55:00,0.561,78,13.6,43,988.76,7,9,30,,
01/11/2021 08:56:00,0.507,80,13.6,43,988.76,6,9,30,,
01/11/2021 08:57:00,0.542,79,13.4,43,988.59,7,10,29,,
01/11/2021 08:58:00,0.52,80,13.4,45,988.75,7,12,30,,
01/11/2021 08:59:00,0.555,79,13.4,45,988.96,6,12,31,,
01/11/2021 09:00:00,0.583,78,13.3,46,988.29,6,11,31,,
01/11/2021 09:01:00,0.487,81,13.3,45,988.17,5,9,31,,
01/11/2021 09:02:00,0.436,83,13.5,45,988.75,5,11,32,,
01/11/2021 09:03:00,0.35,86,13.5,45,988.8,4,9,32,,
01/11/2021 09:04:00,0.392,85,13.5,45,988.38,4,9,32,,
01/11/2021 09:05:00,0.302,88,13.3,46,988.62,5,13,33,,
01/11/2021 09:06:00,0.327,87,13.4,46,988.78,5,15,32,,
01/11/2021 09:07:00,0.381,85,13.3,46,988.81,4,14,33,,
01/11/2021 09:08:00,0.443,83,13.3,47,988.62,4,14,33,,
01/11/2021 09:09:00,0.403,84,13.2,46,988.53,3,16,34,,
01/11/2021 09:10:00,0.334,87,13.0,46,988.89,3,13,35,,
01/11/2021 09:11:00,0.327,87,13.1,46,988.79,3,13,34,,
01/11/2021 09:12:00,0.306,88,12.9,45,988.88,3,14,34,,
01/11/2021 09:13:00,0.18,93,12.9,46,988.77,3,13,34,,
01/11/2021 09:14:00,0.147,94,12.9,45,988.7,3,11,34,,
01/11/2021 09:15:00,0.181,93,12.9,45,988.59,3,12,34,,
01/11/2021 09:16:00,0.203,92,13.0,46,988.82,3,11,34,,
01/11/2021 09:17:00,0.332,87,13.0,45,988.92,4,11,34,,
01/11/2021 09:18:00,0.428,83,12.9,46,988.65,5,12,35,,
01/11/2021 09:19:00,0.481,81,13.2,47,988.8,4,10,35,,
01/11/2021 09:20:00,0.45,83,13.1,47,988.42,5,12,34,,
01/11/2021 09:21:00,0.482,81,13.2,46,988.76,4,12,34,,
01/11/2021 09:22:00,0.444,83,13.1,46,988.64,4,11,33,,
01/11/2021 09:23:00,0.44,83,13.1,46,988.7,4,12,35,,
01/11/2021 09:24:00,0.499,81,13.1,46,989.04,4,10,35,,
01/11/2021 09:25:00,0.588,77,12.9,46,989.02,4,10,37,,
01/11/2021 09:26:00,0.576,78,13.0,45,989.25,5,12,38,,
01/11/2021 09:27:00,0.53,80,12.9,44,989.04,5,14,38,,
01/11/2021 09:28:00,0.545,79,12.8,42,988.88,4,15,38,,
01/11/2021 09:29:00,0.522,80,12.7,43,989.13,5,15,37,,
01/11/2021 09:30:00,0.493,81,12.7,42,989.15,4,14,39,,
01/11/2021 09:31:00,0.434,83,12.7,42,988.62,5,13,39,,
01/11/2021 09:32:00,0.407,84,12.7,42,988.72,6,16,40,,
01/11/2021 09:33:00,0.396,85,12.8,42,988.56,6,14,39,,
01/11/2021 09:34:00,0.445,83,12.8,42,988.51,7,14,40,,
01/11/2021 09:35:00,0.402,84,12.7,41,988.5,8,14,40,,
01/11/2021 09:36:00,0.495,81,12.7,42,988.28,9,19,39,,
01/11/2021 09:37:00,0.488,81,12.7,42,987.83,9,18,39,,
01/11/2021 09:38:00,0.579,78,12.6,43,987.76,7,18,39,,
01/11/2021 09:39:00,0.644,75,12.5,44,987.84,6,15,38,,
01/11/2021 09:40:00,0.549,79,12.6,47,987.76,7,17,38,,
01/11/2021 09:41:00,0.565,78,12.6,46,987.29,7,18,37,,
01/11/2021 09:42:00,0.531,80,12.6,46,986.9,7,19,37,,
01/11/2021 09:43:00,0.52,80,12.6,46,986.57,7,20,37,,
01/11/2021 09:44:00,0.531,80,12.8,45,986.32,7,19,36,,
01/11/2021 09:45:00,0.543,79,12.8,45,986.04,9,22,37,,
01/11/2021 09:46:00,0.56,79,12.9,44,986.26,8,21,36,,
01/11/2021 09:47:00,0.529,80,12.8,43,986.35,8,19,37,,
01/11/2021 09:48:00,0.519,80,12.8,42,986.32,8,18,36,,
01/11/2021 09:49:00,0.481,81,12.8,43,986.73,7,17,37,,
01/11/2021 09:50:00,0.46,82,12.6,44,986.59,7,15,36,,
01/11/2021 09:51:00,0.428,83,12.5,44,986.82,6,17,36,,
01/11/2021 09:52:00,0.367,86,12.4,44,986.73,4,12,36,,
01/11/2021 09:53:00,0.374,85,12.3,46,986.99,4,12,36,,
01/11/2021 09:54:00,0.455,82,12.3,46,987.64,3,10,35,,
01/11/2021 09:55:00,0.518,80,12.2,45,986.89,5,13,36,,
01/11/2021 09:56:00,0.553,79,12.3,47,986.86,4,13,36,,
01/11/2021 09:57:00,0.549,79,12.3,47,986.91,6,14,36,,
01/11/2021 09:58:00,0.489,81,12.2,47,986.92,5,12,35,,
01/11/2021 09:59:00,0.425,84,12.2,46,986.99,,,,,
01/11/2021 10:00:00,0.439,83,12.2,46,986.66,5,13,35,,
01/11/2021 10:01:00,0.428,83,12.1,45,986.28,5,14,34,,
01/11/2021 10:02:00,0.558,79,12.1,45,986.8,5,14,34,,
01/11/2021 10:03:00,0.522,80,12.0,45,986.91,5,13,34,,
01/11/2021 10:04:00,0.533,79,11.9,44,986.84,3,12,35,,
01/11/2021 10:05:00,0.525,80,11.9,44,986.88,3,15,35,,
01/11/2021 10:06:00,0.537,79,11.7,44,986.53,3,16,36,,
01/11/2021 10:07:00,0.513,80,11.7,43,986.36,4,15,36,,
01/11/2021 10:08:00,0.415,84,11.7,43,986.46,5,18,35,,
01/11/2021 10:09:00,0.392,85,11.9,43,986.52,6,16,34,,
01/11/2021 10:10:00,0.402,84,12.1,43,986.58,5,15,33,,
01/11/2021 10:11:00,0.417,84,12.0,43,986.62,6,17,34,,
01/11/2021 10:12:00,0.456,82,12.0,42,986.28,6,16,33,,
01/11/2021 10:13:00,0.491,81,11.9,42,986.27,6,16,32,,
01/11/2021 10:14:00,0.454,82,12.0,43,985.96,5,14,32,,
01/11/2021 10:15:00,0.604,77,12.1,45,985.63,4,13,32,,
01/11/2021 10:16:00,0.694,73,12.0,45,985.15,4,12,32,,
01/11/2021 10:17:00,0.648,75,12.0,44,985.23,4,13,32,,
01/11/2021 10:18:00,0.618,76,11.8,45,984.83,5,14,31,,
01/11/2021 10:19:00,0.66,75,11.8,45,984.82,7,18,31,,
01/11/2021 10:20:00,0.654,75,11.7,44,984.31,7,17,32,,
01/11/2021 10:21:00,0.595,77,11.8,44,984.68,7,16,32,,
01/11/2021 10:22:00,0.706,73,11.9,45,984.83,8,18,32,,
01/11/2021 10:23:00,0.73,72,11.9,44,984.57,8,19,33,,
01/11/2021 10:24:00,0.721,72,11.9,45,984.82,8,20,33,,
01/11/2021 10:25:00,0.776,70,11.9,45,984.61,9,21,34,,
01/11/2021 10:26:00,0.828,68,12.2,45,984.42,9,20,33,,
01/11/2021 10:27:00,0.734,72,12.2,46,984.86,8,21,34,,
01/11/2021 10:28:00,0.81,69,12.2,46,984.85,8,20,34,,
01/11/2021 10:29:00,0.769,71,12.3,47,984.92,8,18,33,,
01/11/2021 10:30:00,0.754,71,12.4,49,984.67,7,16,34,,
01/11/2021 10:31:00,0.766,71,12.4,49,984.62,8,16,33,,
01/11/2021 10:32:00,0.74,72,12.4,49,984.64,9,18,33,,
01/11/2021 10:33:00,0.693,74,12.5,50,984.71,9,17,33,,
01/11/2021 10:34:00,0.775,70,12.6,52,984.77,7,16,32,,
01/11/2021 10:35:00,0.779,70,12.5,52,984.68,6,15,32,,
01/11/2021 10:36:00,0.863,67,12.3,51,984.69,5,15,31,,
01/11/2021 10:37:00,0.857,67,12.2,52,984.59,4,13,31,,
01/11/2021 10:38:00,0.922,65,12.2,50,984.68,4,11,31,,
01/11/2021 10:39:00,0.965,63,12.2,49,984.81,4,15,32,,
01/11/2021 10:40:00,0.82,69,12.2,49,984.63,4,14,32,,
01/11/2021 10:41:00,0.798,70,12.3,49,984.83,4,14,31,,
01/11/2021 10:42:00,0.773,71,12.3,49,984.84,3,12,30,,
01/11/2021 10:43:00,0.753,71,12.3,48,984.34,3,14,29,,
01/11/2021 10:44:00,0.717,73,12.1,47,984.18,4,16,29,,
01/11/2021 10:45:00,0.667,74,12.0,47,983.83,3,17,30,,
01/11/2021 10:46:00,0.687,74,12.0,48,983.9,5,19,29,,
01/11/2021 10:47:00,0.771,71,12.2,48,983.63,6,21,30,,
01/11/2021 10:48:00,0.817,69,12.2,47,983.45,7,24,29,,
01/11/2021 10:49:00,0.834,68,12.1,48,983.5,6,23,30,,
01/11/2021 10:50:00,0.821,69,12.2,47,983.36,5,20,30,,
01/11/2021 10:51:00,0.818,69,12.0,47,983.39,6,21,29,,
01/11/2021 10:52:00,0.893,66,12.3,48,983.59,9,23,30,,
01/11/2021 10:53:00,0.838,68,12.3,49,983.67,10,25,31,,
01/11/2021 10:54:00,0.887,66,12.4,48,983.66,9,25,31,,
01/11/2021 10:55:00,0.884,66,12.2,48,983.71,9,25,31,,
01/11/2021 10:56:00,0.901,66,12.3,48,984.42,10,24,31,,
01/11/2021 10:57:00,0.868,67,12.4,47,984.76,9,23,31,,
01/11/2021 10:58:00,0.829,68,12.4,47,984.95,11,25,31,,
01/11/2021 10:59:00,0.867,67,12.4,47,985.04,11,25,30,,
01/11/2021 11:00:00,0.883,66,12.5,47,984.97,10,25,29,,
01/11/2021 11:01:00,0.909,65,12.6,48,984.93,11,25,29,,
01/11/2021 11:02:00,0.984,63,12.6,47,984.63,9,22,27,,
01/11/2021 11:03:00,1.04,60,12.5,48,984.53,10,23,27,,
01/11/2021 11:04:00,1.126,57,12.4,50,984.84,9,22,27,,
01/11/2021 11:05:00,1.136,57,12.4,50,984.52,9,23,27,,
01/11/2021 11:06:00,1.105,58,12.4,50,984.07,8,20,26,,
01/11/2021 11:07:00,1.101,58,12.4,49,983.99,8,22,27,,
01/11/2021 11:08:00,1.105,58,12.6,49,983.97,8,21,28,,
01/11/2021 11:09:00,1.117,58,12.6,48,984.08,10,21,28,,
01/11/2021 11:10:00,1.134,57,12.7,48,984.17,10,24,29,,
01/11/2021 11:11:00,1.129,57,12.6,47,984.34,8,20,27,,
01/11/2021 11:12:00,1.121,57,12.7,47,984.2,7,18,28,,
01/11/2021 11:13:00,1.09,59,12.7,48,984.5,6,17,28,,
01/11/2021 11:14:00,1.085,59,12.7,48,984.53,6,18,27,,
01/11/2021 11:15:00,0.941,64,12.8,48,984.44,5,17,27,,
01/11/2021 11:16:00,1.006,62,12.5,48,984.16,4,15,27,,
01/11/2021 11:17:00,1.089,59,12.7,47,984.15,3,14,27,,
01/11/2021 11:18:00,1.123,57,12.7,47,984.17,3,14,28,,
01/11/2021 11:19:00,1.122,57,12.7,46,984.07,3,14,28,,
01/11/2021 11:20:00,1.106,58,12.8,47,984.25,3,13,27,,
01/11/2021 11:21:00,1.217,54,12.8,45,984.39,3,15,28,,
01/11/2021 11:22:00,1.294,51,12.7,46,984.38,4,16,28,,
01/11/2021 11:23:00,1.239,53,12.8,45,984.28,5,16,26,,
01/11/2021 11:24:00,1.232,53,12.7,46,984.21,5,17,25,,
01/11/2021 11:25:00,1.187,55,12.8,46,984.16,5,15,24,,
01/11/2021 11:26:00,1.163,56,12.8,46,983.82,4,15,25,,
01/11/2021 11:27:00,1.118,58,12.8,46,984.24,4,15,25,,
01/11/2021 11:28:00,1.14,57,12.8,46,983.92,4,15,25,,
01/11/2021 11:29:00,1.063,60,12.8,46,983.5,3,16,26,,
01/11/2021 11:30:00,1.03,61,12.8,47,983.41,5,18,26,,
01/11/2021 11:31:00,0.984,63,12.8,48,983.4,4,18,25,,
01/11/2021 11:32:00,1.044,60,12.7,48,983.01,4,18,25,,
01/11/2021 11:33:00,1.035,61,12.7,48,982.98,7,19,25,,
01/11/2021 11:34:00,0.982,63,12.5,47,983.51,6,19,26,,
01/11/2021 11:35:00,0.953,64,12.6,48,983.5,5,19,25,,
01/11/2021 11:36:00,0.97,63,12.6,48,983.45,5,21,25,,
01/11/2021 11:37:00,0.971,63,12.5,47,983.21,5,20,26,,
01/11/2021 11:38:00,0.975,63,12.7,48,983.34,3,20,25,,
01/11/2021 11:39:00,0.946,64,12.7,48,983.66,3,21,26,,
01/11/2021 11:40:00,0.858,67,12.6,48,983.8,4,21,24,,
01/11/2021 11:41:00,0.914,65,12.5,49,984.17,4,19,23,,
01/11/2021 11:42:00,0.8,69,12.6,49,984.29,4,19,24,,
01/11/2021 11:43:00,0.801,69,12.6,50,984.51,3,19,24,,
01/11/2021 11:44:00,0.746,72,12.5,50,983.83,4,17,25,,
01/11/2021 11:45:00,0.728,72,12.3,51,983.6,6,18,24,,
01/11/2021 11:46:00,0.735,72,12.4,50,983.35,7,17,24,,
01/11/2021 11:47:00,0.774,70,12.5,51,983.19,6,17,24,,
01/11/2021 11:48:00,0.78,70,12.4,51,982.74,6,16,23,,
01/11/2021 11:49:00,0.678,74,12.3,51,982.41,6,16,22,,
01/11/2021 11:50:00,0.628,76,12.3,50,982.32,4,13,22,,
01/11/2021 11:51:00,0.61,77,12.1,50,982.5,4,13,23,,
01/11/2021 11:52:00,0.52,80,12.2,50,982.49,3,13,23,,
01/11/2021 11:53:00,0.513,80,12.1,50,982.9,3,13,23,,
01/11/2021 11:54:00,0.396,85,12.1,50,982.47,2,10,23,,
01/11/2021 11:55:00,0.368,86,12.2,48,982.33,3,10,23,,
01/11/2021 11:56:00,0.331,87,12.2,49,982.38,4,12,24,,
01/11/2021 11:57:00,0.368,86,12.1,50,982.53,4,13,24,,
01/11/2021 11:58:00,0.368,86,12.0,51,982.79,5,14,24,,
01/11/2021 11:59:00,0.329,87,12.1,51,982.92,4,16,24,,
01/11/2021 12:00:00,0.261,90,12.0,51,983.2,7,18,26,,
01/11/2021 12:01:00,0.322,87,12.1,51,983.22,8,19,26,,
01/11/2021 12:02:00,0.242,90,12.2,52,982.82,6,19,25,,
01/11/2021 12:03:00,0.235,91,12.3,51,983.16,5,19,25,,
01/11/2021 12:04:00,0.22,91,12.4,52,983.74,3,20,26,,
01/11/2021 12:05:00,0.242,90,12.5,51,983.92,6,20,26,,
01/11/2021 12:06:00,0.252,90,12.6,49,983.57,5,22,27,,
01/11/2021 12:07:00,0.3,88,12.6,48,984.13,,,,,
01/11/2021 12:08:00,0.279,89,12.6,47,984.18,1,1,2,,
01/11/2021 12:09:00,0.287,89,12.7,47,984.28,1,1,2,,
01/11/2021 12:10:00,0.256,90,12.6,48,984.31,1,1,2,,
01/11/2021 12:11:00,0.275,89,12.6,49,984.02,1,1,2,,
01/11/2021 12:12:00,0.32,87,12.6,49,984.12,1,1,2,,
01/11/2021 12:13:00,0.329,87,12.6,49,984.22,1,1,2,,
01/11/2021 12:14:00,0.322,87,12.7,50,984.77,1,1,2,,
01/11/2021 12:15:00,0.273,89,12.7,50,985.09,1,1,2,,
01/11/2021 12:16:00,0.324,87,12.6,51,985.18,1,1,2,,
01/11/2021 12:17:00,0.297,88,12.5,52,984.77,1,1,2,,
01/11/2021 12:18:00,0.407,84,12.8,51,984.97,1,1,2,,
01/11/2021 12:19:00,0.406,84,12.8,52,985.11,,,,,
01/11/2021 12:20:00,0.448,83,12.8,54,985.09,1,1,2,,
01/11/2021 12:21:00,0.401,84,12.8,53,984.51,1,1,2,,
01/11/2021 12:22:00,0.38,85,12.8,52,983.92,1,1,2,,
01/11/2021 12:23:00,0.361,86,12.5,52,984.07,1,1,2,,
01/11/2021 12:24:00,0.338,87,12.7,52,984.03,1,1,2,,
01/11/2021 12:25:00,0.372,86,12.5,51,983.96,1,1,2,,
01/11/2021 12:26:00,0.4,85,12.4,51,983.89,1,1,2,,
01/11/2021 12:27:00,0.443,83,12.3,51,983.75,1,1,2,,
01/11/2021 12:28:00,0.475,82,12.3,50,983.46,1,1,2,,
01/11/2021 12:29:00,0.51,80,12.2,50,983.63,1,1,2,,
01/11/2021 12:30:00,0.405,84,12.2,49,983.41,,,,,
01/11/2021 12:31:00,0.369,86,12.0,48,983.68,1,1,2,,
01/11/2021 12:32:00,0.354,86,12.1,47,984.1,1,1,2,,
01/11/2021 12:33:00,0.316,88,12.0,47,984.36,1,1,2,,
01/11/2021 12:34:00,0.394,85,11.8,47,984.01,1,1,2,,
01/11/2021 12:35:00,0.328,87,11.9,47,983.87,1,1,2,,
01/11/2021 12:36:00,0.316,88,12.0,47,984.05,1,1,2,,
01/11/2021 12:37:00,0.404,84,12.0,46,983.74,1,1,2,,
01/11/2021 12:38:00,0.426,84,12.1,45,984.11,1,1,2,,
01/11/2021 12:39:00,0.372,86,12.1,45,983.94,1,1,2,,
01/11/2021 12:40:00,0.407,84,12.1,45,983.58,1,1,2,,
01/11/2021 12:41:00,0.576,78,12.2,45,984.08,1,1,2,,
01/11/2021 12:42:00,0.56,79,11.9,45,984.17,1,1,2,,
01/11/2021 12:43:00,0.506,81,11.9,45,984.6,,,,,
01/11/2021 12:44:00,0.549,79,11.8,43,984.68,1,1,2,,
01/11/2021 12:45:00,0.553,79,11.7,44,984.69,1,1,2,,
01/11/2021 12:46:00,0.547,79,11.6,43,984.65,1,1,2,,
01/11/2021 12:47:00,0.524,80,11.6,42,984.46,1,1,2,,
01/11/2021 12:48:00,0.507,81,11.5,42,984.6,,,,,
01/11/2021 12:49:00,0.571,78,11.8,41,984.67,1,1,2,,
01/11/2021 12:50:00,0.611,77,11.7,40,985.16,1,1,2,,
01/11/2021 12:51:00,0.634,76,11.8,39,985.22,1,1,2,,
01/11/2021 12:52:00,0.67,74,11.8,38,985.06,1,1,2,,
01/11/2021 12:53:00,0.677,74,11.7,39,985.03,1,1,2,,
01/11/2021 12:54:00,0.763,71,11.7,39,985.09,1,1,2,,
01/11/2021 12:55:00,0.71,73,11.6,40,984.95,1,1,2,,
01/11/2021 12:56:00,0.704,73,11.6,40,984.67,1,1,2,,
01/11/2021 12:57:00,0.712,73,11.6,40,984.65,1,1,2,,
01/11/2021 12:58:00,0.805,69,11.4,40,984.57,1,1,2,,
01/11/2021 12:59:00,0.807,69,11.5,40,984.79,1,1,2,,
01/11/2021 13:00:00,0.82,69,11.6,39,985.01,1,1,2,,
01/11/2021 13:01:00,0.794,70,11.7,40,984.83,9,16,30,,
01/11/2021 13:02:00,0.817,69,11.7,39,984.72,9,15,30,,
01/11/2021 13:03:00,0.82,69,11.7,41,984.91,7,13,29,,
01/11/2021 13:04:00,0.825,69,11.6,42,985.53,8,13,29,,
01/11/2021 13:05:00,0.868,67,11.5,44,985.7,6,10,29,,
01/11/2021 13:06:00,0.84,68,11.4,43,985.59,6,9,29,,
01/11/2021 13:07:00,0.831,68,11.4,43,985.81,6,9,31,,
01/11/2021 13:08:00,0.786,70,11.5,43,985.89,7,10,31,,
01/11/2021 13:09:00,0.798,70,11.4,45,986.04,7,10,32,,
01/11/2021 13:10:00,0.757,71,11.3,45,986.14,7,11,31,,
01/11/2021 13:11:00,0.745,72,11.5,44,986.37,8,12,30,,
01/11/2021 13:12:00,0.751,71,11.4,45,986.47,10,16,31,,
01/11/2021 13:13:00,0.698,73,11.4,45,986.43,9,16,30,,
01/11/2021 13:14:00,0.671,74,11.4,46,986.04,8,13,29,,
01/11/2021 13:15:00,0.693,74,11.4,45,986.29,8,14,29,,
01/11/2021 13:16:00,0.713,73,11.3,46,986.32,,,,,
01/11/2021 13:17:00,0.701,73,11.4,47,986.16,7,12,29,,
01/11/2021 13:18:00,0.7,73,11.4,46,986.18,9,14,29,,
01/11/2021 13:19:00,0.699,73,11.4,45,986.18,12,17,30,,
01/11/2021 13:20:00,0.681,74,11.4,46,986.03,14,18,31,,
01/11/2021 13:21:00,0.636,76,11.4,45,986.18,14,18,30,,
01/11/2021 13:22:00,0.607,77,11.4,45,986.16,15,19,30,,
01/11/2021 13:23:00,0.675,74,11.4,45,986.11,15,19,30,,
01/11/2021 13:24:00,0.689,74,11.3,45,986.04,14,20,30,,
01/11/2021 13:25:00,0.754,71,11.2,45,985.88,11,16,30,,
01/11/2021 13:26:00,0.735,72,11.1,46,985.85,12,16,30,,
01/11/2021 13:27:00,0.756,71,11.0,45,985.87,13,19,29,,
01/11/2021 13:28:00,0.858,67,11.0,46,985.97,14,20,30,,
01/11/2021 13:29:00,0.857,67,11.0,46,986.58,11,17,30,,
01/11/2021 13:30:00,0.872,67,11.1,47,986.57,,,,,
01/11/2021 13:31:00,0.87,67,11.2,46,986.8,11,18,30,,
01/11/2021 13:32:00,0.818,69,11.2,47,986.59,13,19,29,,
01/11/2021 13:33:00,0.868,67,11.2,48,986.47,13,17,29,,
01/11/2021 13:34:00,0.852,68,11.2,48,986.62,12,16,29,,
01/11/2021 13:35:00,0.792,70,11.3,47,986.55,13,16,29,,
01/11/2021 13:36:00,0.655,75,11.3,47,986.51,11,16,29,,
01/11/2021 13:37:00,0.726,72,11.3,47,986.22,13,16,28,,
01/11/2021 13:38:00,0.695,73,11.3,48,986.28,13,15,28,,
01/11/2021 13:39:00,0.667,74,11.3,48,986.4,9,13,27,,
01/11/2021 13:40:00,0.691,74,11.2,48,986.59,13,15,29,,
01/11/2021 13:41:00,0.733,72,11.3,48,986.62,15,18,28,,
01/11/2021 13:42:00,0.714,73,11.2,48,986.69,16,19,29,,
01/11/2021 13:43:00,0.682,74,11.2,48,986.6,15,20,28,,
01/11/2021 13:44:00,0.778,70,11.0,49,986.72,16,20,27,,
01/11/2021 13:45:00,0.756,71,11.0,49,986.7,17,22,27,,
01/11/2021 13:46:00,0.76,71,11.0,49,987.23,19,24,29,,
01/11/2021 13:47:00,0.703,73,11.0,49,986.86,19,25,30,,
01/11/2021 13:48:00,0.577,78,10.9,48,986.85,18,24,30,,
01/11/2021 13:49:00,0.642,75,10.9,47,986.71,18,25,30,,
01/11/2021 13:50:00,0.693,74,11.1,47,986.68,18,23,29,,
01/11/2021 13:51:00,0.651,75,11.2,45,986.2,17,22,30,,
01/11/2021 13:52:00,0.651,75,11.3,45,986.3,15,20,30,,
01/11/2021 13:53:00,0.617,76,11.3,46,985.99,14,19,30,,
01/11/2021 13:54:00,0.557,79,11.3,46,985.85,16,20,30,,
01/11/2021 13:55:00,0.55,79,11.3,46,986.1,16,22,30,,
01/11/2021 13:56:00,0.536,79,11.3,46,986.34,15,22,30,,
01/11/2021 13:57:00,0.478,82,11.2,46,986.56,14,21,30,,
01/11/2021 13:58:00,0.54,79,11.1,46,986.45,14,22,30,,
01/11/2021 13:59:00,0.548,79,11.2,46,986.89,,,,,
01/11/2021 14:00:00,0.555,79,11.2,46,986.79,18,24,30,,
01/11/2021 14:01:00,0.476,82,11.1,47,986.47,16,21,28,,
01/11/2021 14:02:00,0.498,81,11.0,47,986.55,16,21,27,,
01/11/2021 14:03:00,0.533,80,11.1,46,986.45,19,23,28,,
01/11/2021 14:04:00,0.573,78,11.1,47,986.6,19,23,28,,
01/11/2021 14:05:00,0.63,76,11.1,47,986.78,16,22,28,,
01/11/2021 14:06:00,0.615,76,11.3,48,986.35,15,20,28,,
01/11/2021 14:07:00,0.578,78,11.2,48,987.06,15,22,29,,
01/11/2021 14:08:00,0.592,77,11.4,48,987.15,14,22,29,,
01/11/2021 14:09:00,0.548,79,11.4,49,987.12,12,20,28,,
01/11/2021 14:10:00,0.573,78,11.2,49,986.78,12,21,29,,
01/11/2021 14:11:00,0.544,79,11.2,50,986.8,13,21,29,,
01/11/2021 14:12:00,0.593,77,11.3,48,986.76,12,20,30,,
01/11/2021 14:13:00,0.593,77,11.4,47,986.62,12,20,29,,
01/11/2021 14:14:00,0.635,76,11.4,46,986.38,10,18,28,,
01/11/2021 14:15:00,0.592,77,11.2,46,986.16,13,20,28,,
01/11/2021 14:16:00,0.529,80,11.2,48,986.5,12,20,28,,
01/11/2021 14:17:00,0.523,80,11.1,48,986.35,11,19,27,,
01/11/2021 14:18:00,0.56,79,11.1,48,986.2,12,18,27,,
01/11/2021 14:19:00,0.644,75,11.0,49,986.23,11,18,27,,
01/11/2021 14:20:00,0.626,76,11.0,50,986.27,11,19,28,,
01/11/2021 14:21:00,0.645,75,11.0,50,986.11,11,19,27,,
01/11/2021 14:22:00,0.675,74,11.0,51,985.71,12,20,26,,
01/11/2021 14:23:00,0.688,74,11.1,51,985.31,10,17,27,,
01/11/2021 14:24:00,0.65,75,11.2,51,985.29,11,17,27,,
01/11/2021 14:25:00,0.67,74,11.3,50,985.14,8,15,26,,
01/11/2021 14:26:00,0.603,77,11.5,50,985.26,8,13,25,,
01/11/2021 14:27:00,0.626,76,11.5,51,985.39,9,14,25,,
01/11/2021 14:28:00,0.558,79,11.5,52,985.41,9,14,25,,
01/11/2021 14:29:00,0.589,77,11.5,53,985.27,8,12,25,,
01/11/2021 14:30:00,0.673,74,11.4,53,985.42,9,12,25,,
01/11/2021 14:31:00,0.696,73,11.4,54,985.2,8,11,25,,
01/11/2021 14:32:00,0.636,76,11.4,54,985.28,8,11,25,,
01/11/2021 14:33:00,0.697,73,11.3,53,985.57,7,10,24,,
01/11/2021 14:34:00,0.674,74,11.3,54,985.66,6,9,25,,
01/11/2021 14:35:00,0.683,74,11.2,54,985.45,6,11,25,,
01/11/2021 14:36:00,0.743,72,11.1,55,986.0,7,12,24,,
01/11/2021 14:37:00,0.712,73,11.2,55,985.97,6,12,26,,
01/11/2021 14:38:00,0.72,72,11.3,56,986.26,5,12,25,,
01/11/2021 14:39:00,0.618,76,11.3,56,986.36,5,11,25,,
01/11/2021 14:40:00,0.727,72,11.2,55,985.94,3,7,24,,
01/11/2021 14:41:00,0.738,72,11.0,55,985.74,4,8,24,,
01/11/2021 14:42:00,0.745,72,11.0,54,985.75,4,9,24,,
01/11/2021 14:43:00,0.768,71,10.9,53,985.15,5,11,25,,
01/11/2021 14:44:00,0.743,72,10.9,55,984.71,5,9,25,,
01/11/2021 14:45:00,0.791,70,10.7,56,984.9,4,8,24,,
01/11/2021 14:46:00,0.758,71,10.9,57,984.75,4,8,24,,
01/11/2021 14:47:00,0.738,72,10.7,55,984.73,5,8,23,,
01/11/2021 14:48:00,0.763,71,10.8,56,984.53,,,,,
01/11/2021 14:49:00,0.776,70,10.9,56,984.07,6,12,23,,
01/11/2021 14:50:00,0.754,71,10.8,56,984.06,6,11,22,,
01/11/2021 14:51:00,0.765,71,10.9,55,984.01,6,11,21,,
01/11/2021 14:52:00,0.747,71,10.9,54,984.37,6,12,21,,
01/11/2021 14:53:00,0.764,71,10.9,53,984.44,4,10,20,,
01/11/2021 14:54:00,0.825,69,10.8,55,984.44,4,11,21,,
01/11/2021 14:55:00,0.859,67,10.8,53,984.26,4,10,19,,
01/11/2021 14:56:00,0.82,69,11.0,55,983.97,4,9,19,,
01/11/2021 14:57:00,0.917,65,11.0,54,984.3,6,10,20,,
01/11/2021 14:58:00,0.879,67,10.9,54,984.33,6,11,20,,
01/11/2021 14:59:00,0.918,65,10.9,53,984.33,6,9,18,,
01/11/2021 15:00:00,1.002,62,10.9,53,984.28,5,8,18,,
01/11/2021 15:01:00,0.98,63,11.0,51,984.39,5,8,18,,
01/11/2021 15:02:00,0.901,66,10.9,51,984.57,7,10,19,,
01/11/2021 15:03:00,0.928,65,11.0,52,984.43,6,9,18,,
01/11/2021 15:04:00,0.899,66,11.2,51,984.39,6,9,19,,
01/11/2021 15:05:00,0.925,65,11.2,50,984.06,7,9,18,,
01/11/2021 15:06:00,0.981,63,11.1,50,984.27,6,7,18,,
01/11/2021 15:07:00,1.023,61,11.1,50,984.28,5,6,18,,
01/11/2021 15:08:00,0.977,63,11.1,52,983.93,5,6,18,,
01/11/2021 15:09:00,1.012,62,11.1,51,983.82,5,6,18,,
01/11/2021 15:10:00,1.014,61,11.2,50,984.1,5,7,19,,
01/11/2021 15:11:00,0.934,64,11.1,53,983.73,5,7,19,,
01/11/2021 15:12:00,1.04,61,11.0,53,983.83,5,7,19,,
01/11/2021 15:13:00,0.995,62,10.8,53,983.89,5,7,18,,
01/11/2021 15:14:00,0.96,64,10.7,53,984.0,5,6,18,,
01/11/2021 15:15:00,0.939,64,10.8,53,983.99,5,6,19,,
01/11/2021 15:16:00,0.922,65,10.7,53,983.67,5,7,18,,
01/11/2021 15:17:00,0.862,67,10.8,53,983.29,6,8,19,,
01/11/2021 15:18:00,0.831,68,10.6,53,983.31,5,7,19,,
01/11/2021 15:19:00,0.771,71,10.7,52,983.38,5,7,18,,
01/11/2021 15:20:00,0.8,69,10.6,53,983.37,6,8,18,,
01/11/2021 15:21:00,0.815,69,10.7,52,983.38,6,8,19,,
01/11/2021 15:22:00,0.821,69,10.6,54,983.57,7,9,19,,
01/11/2021 15:23:00,0.781,70,10.5,54,983.06,7,9,20,,
01/11/2021 15:24:00,0.788,70,10.4,54,983.25,9,11,20,,
01/11/2021 15:25:00,0.854,67,10.5,53,983.48,8,10,21,,
01/11/2021 15:26:00,0.873,67,10.5,53,983.37,10,11,21,,
01/11/2021 15:27:00,0.852,68,10.6,53,983.32,8,11,21,,
01/11/2021 15:28:00,0.868,67,10.7,53,983.1,7,11,21,,
01/11/2021 15:29:00,0.809,69,10.9,54,983.0,7,12,21,,
01/11/2021 15:30:00,0.871,67,10.9,53,983.39,8,13,22,,
01/11/2021 15:31:00,0.858,67,10.9,53,983.53,8,14,22,,
01/11/2021 15:32:00,0.823,69,10.8,53,983.31,8,14,22,,
01/11/2021 15:33:00,0.857,67,10.8,53,983.43,9,15,23,,
01/11/2021 15:34:00,0.82,69,10.7,53,983.74,9,13,23,,
01/11/2021 15:35:00,0.852,68,10.8,55,983.52,9,13,22,,
01/11/2021 15:36:00,0.813,69,10.9,55,983.5,10,13,22,,
01/11/2021 15:37:00,0.768,71,10.9,54,983.71,10,13,21,,
01/11/2021 15:38:00,0.831,68,10.8,55,983.73,10,14,21,,
01/11/2021 15:39:00,0.88,67,10.9,56,984.02,10,13,21,,
01/11/2021 15:40:00,0.933,65,10.9,56,984.34,11,16,20,,
01/11/2021 15:41:00,0.98,63,10.9,55,984.2,11,17,22,,
01/11/2021 15:42:00,0.975,63,10.8,54,983.62,13,17,23,,
01/11/2021 15:43:00,0.997,62,10.7,54,983.56,13,17,22,,
01/11/2021 15:44:00,1.06,60,10.7,52,983.8,13,16,22,,
01/11/2021 15:45:00,1.052,60,10.7,52,983.59,12,15,20,,
01/11/2021 15:46:00,1.053,60,10.7,52,983.24,12,15,20,,
01/11/2021 15:47:00,1.048,60,10.8,51,982.62,11,14,19,,
01/11/2021 15:48:00,1.087,59,10.7,51,982.64,13,16,20,,
01/11/2021 15:49:00,1.061,60,10.7,52,982.98,13,15,19,,
01/11/2021 15:50:00,1.026,61,10.6,52,982.57,11,13,18,,
01/11/2021 15:51:00,0.94,64,10.3,52,982.48,10,13,19,,
01/11/2021 15:52:00,0.945,64,10.1,51,982.5,10,13,18,,
01/11/2021 15:53:00,0.916,65,10.0,50,982.39,11,14,18,,
01/11/2021 15:54:00,0.916,65,10.0,50,982.42,11,14,18,,
01/11/2021 15:55:00,0.936,64,10.1,50,982.5,13,16,19,,
01/11/2021 15:56:00,0.914,65,10.0,49,982.75,14,17,20,,
01/11/2021 15:57:00,0.91,65,10.0,50,983.19,13,17,20,,
01/11/2021 15:58:00,0.932,65,10.1,50,983.35,12,17,20,,
01/11/2021 15:59:00,0.895,66,10.1,50,983.34,11,15,20,,
01/11/2021 16:00:00,0.869,67,10.1,49,983.5,,,,,
01/11/2021 16:01:00,0.874,67,10.2,48,983.62,11,15,20,,
01/11/2021 16:02:00,0.868,67,10.2,48,983.5,12,15,21,,
01/11/2021 16:03:00,0.828,68,10.4,48,983.58,12,15,22,,
01/11/2021 16:04:00,0.698,73,10.4,49,983.5,12,15,22,,
01/11/2021 16:05:00,0.655,75,10.6,49,983.24,12,15,22,,
01/11/2021 16:06:00,0.728,72,10.6,48,983.39,11,15,22,,
01/11/2021 16:07:00,0.771,71,10.5,48,983.35,12,15,22,,
01/11/2021 16:08:00,0.735,72,10.5,49,983.6,12,15,22,,
01/11/2021 16:09:00,0.739,72,10.5,49,983.41,12,15,22,,
01/11/2021 16:10:00,0.777,70,10.6,49,982.99,11,14,22,,
01/11/2021 16:11:00,0.77,71,10.7,49,982.65,11,15,21,,
01/11/2021 16:12:00,0.711,73,10.6,49,982.87,11,16,22,,
01/11/2021 16:13:00,0.666,75,10.5,49,982.85,12,16,22,,
01/11/2021 16:14:00,0.547,79,10.5,50,982.57,10,14,21,,
01/11/2021 16:15:00,0.61,77,10.5,48,982.67,9,13,21,,
01/11/2021 16:16:00,0.589,77,10.5,48,982.44,9,13,21,,
01/11/2021 16:17:00,0.655,75,10.7,47,982.19,10,12,21,,
01/11/2021 16:18:00,0.674,74,10.4,47,981.72,10,12,20,,
01/11/2021 16:19:00,0.627,76,10.5,46,981.75,10,13,19,,
01/11/2021 16:20:00,0.559,79,10.5,47,981.74,9,12,20,,
01/11/2021 16:21:00,0.701,73,10.5,47,982.03,10,13,20,,
01/11/2021 16:22:00,0.705,73,10.4,48,982.12,9,13,20,,
01/11/2021 16:23:00,0.646,75,10.3,48,982.39,7,12,20,,
01/11/2021 16:24:00,0.695,73,10.4,49,982.45,7,11,19,,
01/11/2021 16:25:00,0.716,73,10.5,49,982.26,7,10,19,,
01/11/2021 16:26:00,0.788,70,10.5,48,982.25,6,10,18,,
01/11/2021 16:27:00,0.751,71,10.6,49,982.88,8,11,18,,
01/11/2021 16:28:00,0.749,71,10.7,49,982.83,7,10,16,,
01/11/2021 16:29:00,0.791,70,10.5,49,983.31,7,10,17,,
01/11/2021 16:30:00,0.72,72,10.5,48,983.27,7,9,17,,
01/11/2021 16:31:00,0.742,72,10.7,49,983.51,6,9,18,,
01/11/2021 16:32:00,0.782,70,10.6,50,983.82,7,8,17,,
01/11/2021 16:33:00,0.852,68,10.6,50,983.2,5,6,15,,
01/11/2021 16:34:00,0.771,71,10.8,50,983.58,5,7,16,,
01/11/2021 16:35:00,0.805,69,10.7,51,983.34,6,7,16,,
01/11/2021 16:36:00,0.748,71,10.6,51,982.76,5,6,17,,
01/11/2021 16:37:00,0.72,72,10.7,51,983.21,6,7,16,,
01/11/2021 16:38:00,0.784,70,10.6,51,983.3,5,6,16,,
01/11/2021 16:39:00,0.793,70,10.7,51,983.48,6,7,16,,
01/11/2021 16:40:00,0.786,70,10.6,52,983.45,5,7,15,,
01/11/2021 16:41:00,0.873,67,10.7,52,983.09,6,7,15,,
01/11/2021 16:42:00,0.967,63,10.7,52,982.93,6,8,15,,
01/11/2021 16:43:00,0.958,64,10.7,52,983.39,5,7,14,,
01/11/2021 16:44:00,0.897,66,10.7,52,983.35,4,7,14,,
01/11/2021 16:45:00,0.901,66,10.7,52,983.96,4,7,14,,
01/11/2021 16:46:00,0.919,65,10.4,52,983.71,4,6,14,,
01/11/2021 16:47:00,0.881,66,10.5,54,983.15,4,5,14,,
01/11/2021 16:48:00,0.835,68,10.6,53,982.91,3,5,13,,
01/11/2021 16:49:00,0.877,67,10.6,54,983.07,3,4,12,,
01/11/2021 16:50:00,1.002,62,10.7,54,983.07,4,5,13,,
01/11/2021 16:51:00,1.002,62,10.7,55,982.97,3,4,12,,
01/11/2021 16:52:00,0.964,63,10.7,54,982.9,3,4,12,,
01/11/2021 16:53:00,0.939,64,10.6,54,982.9,3,4,12,,
01/11/2021 16:54:00,0.899,66,10.6,53,982.7,4,5,13,,
01/11/2021 16:55:00,0.865,67,10.6,54,982.54,4,6,14,,
01/11/2021 16:56:00,0.846,68,10.5,54,982.46,5,6,14,,
01/11/2021 16:57:00,0.939,64,10.6,54,982.16,5,7,14,,
01/11/2021 16:58:00,0.927,65,10.4,52,982.36,5,7,13,,
01/11/2021 16:59:00,0.897,66,10.7,53,982.51,5,6,12,,
01/11/2021 17:00:00,0.974,63,10.7,53,982.63,5,6,13,,
01/11/2021 17:01:00,0.957,64,10.8,53,982.76,5,7,13,,
01/11/2021 17:02:00,0.974,63,10.7,54,982.59,6,8,13,,
01/11/2021 17:03:00,1.065,60,10.7,53,982.33,6,8,15,,
01/11/2021 17:04:00,1.114,58,10.6,53,982.02,5,8,14,,
01/11/2021 17:05:00,1.186,55,10.7,55,981.87,7,9,15,,
01/11/2021 17:06:00,1.172,56,10.8,54,981.63,7,9,15,,
01/11/2021 17:07:00,1.223,54,10.9,54,981.79,7,9,17,,
01/11/2021 17:08:00,1.281,51,10.8,54,981.58,6,8,17,,
01/11/2021 17:09:00,1.194,55,10.8,54,982.15,5,7,16,,
01/11/2021 17:10:00,1.167,56,10.8,52,982.27,5,8,17,,
01/11/2021 17:11:00,1.109,58,10.7,52,981.95,5,9,16,,
01/11/2021 17:12:00,1.106,58,10.9,52,981.88,5,8,15,,
01/11/2021 17:13:00,1.093,59,11.0,53,982.0,,,,,
01/11/2021 17:14:00,0.983,63,10.9,52,982.36,4,6,14,,
01/11/2021 17:15:00,1.002,62,10.9,53,982.4,4,6,15,,
01/11/2021 17:16:00,1.096,58,10.8,53,982.53,4,6,14,,
01/11/2021 17:17:00,1.032,61,10.7,53,982.42,3,6,14,,
01/11/2021 17:18:00,1.114,58,10.8,54,982.74,4,6,13,,
01/11/2021 17:19:00,1.1,58,10.8,54,982.83,4,6,14,,
01/11/2021 17:20:00,1.122,57,10.7,54,983.33,5,7,15,,
01/11/2021 17:21:00,1.106,58,10.8,54,983.44,4,6,13,,
01/11/2021 17:22:00,1.044,60,10.9,55,983.11,5,6,13,,
01/11/2021 17:23:00,1.09,59,10.9,54,983.3,,,,,
01/11/2021 17:24:00,1.042,60,11.0,55,983.2,3,6,13,,
01/11/2021 17:25:00,1.047,60,11.1,54,983.01,3,5,13,,
01/11/2021 17:26:00,0.974,63,10.9,54,982.72,3,5,13,,
01/11/2021 17:27:00,1.05,60,10.8,54,983.0,2,4,13,,
01/11/2021 17:28:00,1.032,61,10.9,55,982.58,2,4,13,,
01/11/2021 17:29:00,1.072,59,10.9,56,982.48,3,6,15,,
01/11/2021 17:30:00,1.067,59,10.9,55,982.59,2,5,14,,
01/11/2021 17:31:00,1.071,59,11.0,55,982.79,2,5,13,,
01/11/2021 17:32:00,1.061,60,10.9,55,982.9,2,6,13,,
01/11/2021 17:33:00,1.043,60,10.9,55,982.8,2,6,13,,
01/11/2021 17:34:00,1.121,57,10.8,55,982.89,2,7,14,,
01/11/2021 17:35:00,1.1,58,10.8,55,982.87,2,7,14,,
01/11/2021 17:36:00,1.1,58,10.8,54,982.96,,,,,
01/11/2021 17:37:00,1.064,60,10.8,54,983.04,2,6,12,,
01/11/2021 17:38:00,1.098,58,10.8,53,982.78,3,8,13,,
01/11/2021 17:39:00,1.022,61,10.8,53,982.7,2,7,14,,
01/11/2021 17:40:00,1.057,60,10.8,52,982.48,3,7,13,,
01/11/2021 17:41:00,0.982,63,10.9,52,982.2,2,6,13,,
01/11/2021 17:42:00,0.917,65,10.8,50,981.57,,,,,
01/11/2021 17:43:00,0.952,64,10.6,50,981.47,2,7,14,,
01/11/2021 17:44:00,0.906,66,10.7,50,981.78,2,7,14,,
01/11/2021 17:45:00,0.912,65,10.6,49,982.09,2,6,14,,
01/11/2021 17:46:00,0.969,63,10.8,49,982.11,3,8,15,,
01/11/2021 17:47:00,0.961,63,10.7,50,981.93,3,7,15,,
01/11/2021 17:48:00,0.977,63,10.7,50,982.22,4,7,15,,
01/11/2021 17:49:00,1.026,61,10.7,49,982.13,3,7,15,,
01/11/2021 17:50:00,1.006,62,10.7,49,982.12,2,6,14,,
01/11/2021 17:51:00,1.059,60,10.9,50,981.88,2,6,15,,
01/11/2021 17:52:00,1.006,62,10.9,49,981.6,,,,,
01/11/2021 17:53:00,1.057,60,10.9,49,981.4,3,7,15,,
01/11/2021 17:54:00,1.114,58,10.8,49,981.77,3,7,14,,
01/11/2021 17:55:00,1.037,61,10.8,48,981.34,3,7,14,,
01/11/2021 17:56:00,1.096,58,11.0,47,981.46,,,,,
01/11/2021 17:57:00,1.088,59,10.8,47,981.33,3,10,14,,
01/11/2021 17:58:00,1.058,60,10.7,48,981.45,3,10,13,,
01/11/2021 17:59:00,1.063,60,10.8,49,981.58,3,10,13,,
01/11/2021 18:00:00,1.039,61,10.7,49,981.33,,,,,
01/11/2021 18:01:00,1.008,62,10.8,51,981.16,3,9,13,,
01/11/2021 18:02:00,1.055,60,10.8,52,981.32,4,9,13,,
01/11/2021 18:03:00,1.121,57,10.8,52,980.7,3,8,12,,
01/11/2021 18:04:00,1.159,56,10.8,54,980.73,3,9,13,,
01/11/2021 18:05:00,1.179,55,11.0,54,980.21,3,9,13,,
01/11/2021 18:06:00,1.119,58,11.0,53,980.35,3,9,13,,
01/11/2021 18:07:00,1.054,60,11.2,54,980.47,2,9,13,,
01/11/2021 18:08:00,0.993,62,11.3,54,980.59,2,8,14,,
01/11/2021 18:09:00,1.034,61,11.2,53,980.53,2,7,13,,
01/11/2021 18:10:00,1.048,60,11.4,53,980.08,2,8,14,,
01/11/2021 18:11:00,1.095,58,11.5,52,980.29,3,9,15,,
01/11/2021 18:12:00,1.015,61,11.5,51,980.35,3,8,15,,
01/11/2021 18:13:00,1.099,58,11.5,51,980.17,2,8,15,,
01/11/2021 18:14:00,1.14,57,11.5,50,980.13,3,7,15,,
01/11/2021 18:15:00,1.081,59,11.5,50,980.31,2,7,15,,
01/11/2021 18:16:00,1.073,59,11.4,51,980.04,2,7,15,,
01/11/2021 18:17:00,1.05,60,11.3,50,980.02,2,6,15,,
01/11/2021 18:18:00,0.987,62,11.2,50,980.31,2,5,14,,
01/11/2021 18:19:00,0.945,64,11.2,51,980.22,2,6,15,,
01/11/2021 18:20:00,0.967,63,11.4,53,980.26,3,6,15,,
01/11/2021 18:21:00,0.885,66,11.3,53,980.56,,,,,
01/11/2021 18:22:00,0.947,64,11.2,54,980.95,4,7,16,,
01/11/2021 18:23:00,0.978,63,11.2,52,980.56,4,7,15,,
01/11/2021 18:24:00,0.95,64,11.1,52,980.14,3,6,16,,
01/11/2021 18:25:00,0.966,63,11.2,54,980.4,3,6,16,,
01/11/2021 18:26:00,0.953,64,11.2,54,980.34,3,6,15,,
01/11/2021 18:27:00,0.937,64,11.2,54,980.33,3,6,15,,
01/11/2021 18:28:00,0.876,67,11.1,55,980.25,,,,,
01/11/2021 18:29:00,0.786,70,11.2,56,980.39,3,6,15,,
01/11/2021 18:30:00,0.756,71,11.0,56,980.12,2,5,14,,
01/11/2021 18:31:00,0.737,72,10.9,55,980.27,2,4,14,,
01/11/2021 18:32:00,0.658,75,10.9,54,980.04,2,5,14,,
01/11/2021 18:33:00,0.622,76,10.9,54,980.32,2,5,14,,
01/11/2021 18:34:00,0.448,83,11.0,54,980.65,2,5,13,,
01/11/2021 18:35:00,0.408,84,11.2,53,981.22,1,3,11,,
01/11/2021 18:36:00,0.367,86,11.3,54,981.26,1,3,10,,
01/11/2021 18:37:00,0.282,89,11.2,53,981.36,1,4,9,,
01/11/2021 18:38:00,0.283,89,11.2,53,981.42,1,4,9,,
01/11/2021 18:39:00,0.29,89,11.1,53,981.2,1,5,9,,
01/11/2021 18:40:00,0.293,89,11.1,52,981.12,2,5,10,,
01/11/2021 18:41:00,0.356,86,11.1,50,981.22,1,5,10,,
01/11/2021 18:42:00,0.396,85,11.1,51,980.91,1,4,10,,
01/11/2021 18:43:00,0.495,81,11.2,52,981.16,1,4,11,,
01/11/2021 18:44:00,0.47,82,11.3,52,980.8,1,4,10,,
01/11/2021 18:45:00,0.457,82,11.4,51,980.85,1,4,9,,
01/11/2021 18:46:00,0.475,82,11.5,50,980.52,1,5,9,,
01/11/2021 18:47:00,0.538,79,11.4,51,980.4,,,,,
01/11/2021 18:48:00,0.601,77,11.2,50,980.66,2,5,11,,
01/11/2021 18:49:00,0.56,78,11.1,50,980.96,1,5,12,,
01/11/2021 18:50:00,0.549,79,10.9,50,981.54,1,6,11,,
01/11/2021 18:51:00,0.563,78,11.0,49,981.68,1,5,12,,
01/11/2021 18:52:00,0.531,80,11.0,50,981.16,1,5,12,,
01/11/2021 18:53:00,0.43,83,10.9,50,981.01,1,5,13,,
01/11/2021 18:54:00,0.382,85,10.8,51,981.21,1,5,13,,
01/11/2021 18:55:00,0.382,85,11.0,52,980.91,1,5,13,,
01/11/2021 18:56:00,0.449,83,11.0,51,981.31,1,4,13,,
01/11/2021 18:57:00,0.426,84,11.0,50,981.04,1,4,12,,
01/11/2021 18:58:00,0.454,82,11.0,51,981.64,1,5,12,,
01/11/2021 18:59:00,0.469,82,11.0,51,981.52,1,5,12,,
01/11/2021 19:00:00,0.432,83,10.9,51,981.2,1,5,11,,
01/11/2021 19:01:00,0.493,81,10.9,52,981.22,2,5,12,,
01/11/2021 19:02:00,0.398,85,11.0,53,981.29,1,5,13,,
01/11/2021 19:03:00,0.337,87,11.0,53,981.56,2,6,14,,
01/11/2021 19:04:00,0.274,89,11.1,53,981.15,2,5,13,,
01/11/2021 19:05:00,0.277,89,11.0,53,980.99,2,5,13,,
01/11/2021 19:06:00,0.304,88,10.9,53,980.78,2,5,14,,
01/11/2021 19:07:00,0.296,88,11.0,53,980.99,2,5,15,,
01/11/2021 19:08:00,0.189,92,11.0,53,980.99,2,5,14,,
01/11/2021 19:09:00,0.261,90,11.0,52,980.85,2,4,14,,
01/11/2021 19:10:00,0.221,91,10.9,52,981.2,2,5,13,,
01/11/2021 19:11:00,0.257,90,11.0,53,982.06,2,5,13,,
01/11/2021 19:12:00,0.26,90,11.0,54,982.01,2,5,11,,
01/11/2021 19:13:00,0.199,92,11.1,53,981.67,1,6,12,,
01/11/2021 19:14:00,0.166,93,11.1,54,981.89,1,6,11,,
01/11/2021 19:15:00,0.227,91,11.2,54,981.9,1,6,11,,
01/11/2021 19:16:00,0.162,93,11.0,55,982.49,1,5,11,,
01/11/2021 19:17:00,0.164,93,11.0,55,982.46,1,5,11,,
01/11/2021 19:18:00,0.068,97,11.0,54,982.36,2,6,11,,
01/11/2021 19:19:00,0.096,96,11.0,56,982.33,2,4,9,,
01/11/2021 19:20:00,0.046,98,11.0,56,982.66,1,4,8,,
01/11/2021 19:21:00,0.128,95,11.1,55,982.91,1,4,8,,
01/11/2021 19:22:00,0.217,91,11.0,54,982.76,1,3,6,,
01/11/2021 19:23:00,0.229,91,10.8,54,982.98,1,3,7,,
01/11/2021 19:24:00,0.208,92,10.8,54,982.99,,,,,
01/11/2021 19:25:00,0.209,92,10.9,54,983.23,1,2,6,,
01/11/2021 19:26:00,0.238,91,10.9,55,983.53,1,2,6,,
01/11/2021 19:27:00,0.167,93,11.0,55,983.26,1,2,6,,
01/11/2021 19:28:00,0.108,95,11.0,55,983.37,1,3,7,,
01/11/2021 19:29:00,0.105,96,11.0,55,983.59,1,2,6,,
01/11/2021 19:30:00,0.086,96,11.1,56,983.39,1,3,6,,
01/11/2021 19:31:00,0.113,95,10.9,55,983.1,1,3,6,,
01/11/2021 19:32:00,0.052,98,11.1,55,983.04,2,3,5,,
01/11/2021 19:33:00,0.1,96,11.3,55,983.37,2,4,6,,
01/11/2021 19:34:00,0.071,97,11.5,55,983.21,2,3,5,,
01/11/2021 19:35:00,0.101,96,11.6,55,983.33,2,3,5,,
01/11/2021 19:36:00,0.011,99,11.7,55,983.5,1,2,4,,
01/11/2021 19:37:00,0.057,97,11.8,55,983.32,1,2,4,,
01/11/2021 19:38:00,0.028,98,11.9,57,982.94,1,3,5,,
01/11/2021 19:39:00,0.062,97,11.9,56,983.19,2,3,5,,
01/11/2021 19:40:00,0.145,94,11.9,56,982.99,2,4,6,,
01/11/2021 19:41:00,0.161,93,11.9,57,983.46,,,,,
01/11/2021 19:42:00,0.149,94,11.9,57,983.25,2,4,7,,
01/11/2021 19:43:00,0.122,95,11.9,58,983.39,2,3,7,,
01/11/2021 19:44:00,0.118,95,12.0,58,983.28,1,3,6,,
01/11/2021 19:45:00,0.108,95,12.0,59,983.4,1,3,6,,
01/11/2021 19:46:00,0.064,97,11.9,59,983.3,1,3,7,,
01/11/2021 19:47:00,0.131,95,11.8,58,983.51,1,3,7,,
01/11/2021 19:48:00,0.151,94,11.8,58,983.4,1,3,7,,
01/11/2021 19:49:00,0.135,94,11.7,57,983.59,1,3,6,,
01/11/2021 19:50:00,0.066,97,11.7,58,983.56,2,4,6,,
01/11/2021 19:51:00,0.086,96,11.7,58,983.5,2,3,5,,
01/11/2021 19:52:00,0.058,97,11.8,59,983.69,1,2,4,,
01/11/2021 19:53:00,0.055,97,11.9,58,983.91,2,3,5,,
01/11/2021 19:54:00,0.093,96,11.9,57,983.93,1,3,4,,
01/11/2021 19:55:00,0.084,96,12.1,57,984.24,2,2,4,,
01/11/2021 19:56:00,0.03,98,12.1,56,984.28,2,2,4,,
01/11/2021 19:57:00,0.073,97,12.1,55,984.1,2,2,4,,
01/11/2021 19:58:00,0.085,96,12.0,54,983.99,1,2,4,,
01/11/2021 19:59:00,0.11,95,12.1,54,983.76,2,2,4,,
01/11/2021 20:00:00,0.136,94,12.0,54,983.13,1,2,4,,
01/11/2021 20:01:00,0.119,95,12.1,53,982.67,1,2,4,,
01/11/2021 20:02:00,0.157,94,12.0,53,982.92,1,2,4,,
01/11/2021 20:03:00,0.121,95,12.1,53,982.74,1,2,4,,
01/11/2021 20:04:00,0.082,96,12.2,53,983.0,1,2,4,,
01/11/2021 20:05:00,0.1,96,12.1,54,982.82,2,3,5,,
01/11/2021 20:06:00,0.091,96,12.1,53,982.83,2,3,5,,
01/11/2021 20:07:00,0.046,98,12.1,54,982.38,2,4,7,,
01/11/2021 20:08:00,0.101,96,12.0,55,982.29,3,4,7,,
01/11/2021 20:09:00,0.159,94,12.1,55,982.04,3,5,8,,
01/11/2021 20:10:00,0.167,93,12.1,55,982.05,3,4,7,,
01/11/2021 20:11:00,0.214,91,12.3,56,982.17,3,5,8,,
01/11/2021 20:12:00,0.277,89,12.5,56,982.37,3,4,7,,
01/11/2021 20:13:00,0.245,90,12.5,56,982.1,3,4,7,,
01/11/2021 20:14:00,0.257,90,12.4,56,981.89,3,5,8,,
01/11/2021 20:15:00,0.229,91,12.5,55,981.65,3,5,7,,
01/11/2021 20:16:00,0.191,92,12.6,56,981.21,2,5,7,,
01/11/2021 20:17:00,0.118,95,12.8,58,980.96,,,,,
01/11/2021 20:18:00,0.058,97,12.7,58,981.13,2,3,5,,
01/11/2021 20:19:00,0.017,99,12.7,58,981.45,2,3,5,,
01/11/2021 20:20:00,0.069,97,12.7,59,981.22,2,3,6,,
01/11/2021 20:21:00,0.127,95,12.5,59,981.12,2,3,6,,
01/11/2021 20:22:00,0.109,95,12.4,59,981.06,1,2,6,,
01/11/2021 20:23:00,0.077,97,12.5,59,980.63,2,3,6,,
01/11/2021 20:24:00,0.05,98,12.5,59,980.92,1,2,6,,
01/11/2021 20:25:00,0.057,97,12.4,60,980.7,1,2,5,,
01/11/2021 20:26:00,0.084,96,12.4,59,980.61,1,2,5,,
01/11/2021 20:27:00,0.059,97,12.5,61,981.1,1,2,5,,
01/11/2021 20:28:00,0.059,97,12.5,60,980.83,1,2,4,,
01/11/2021 20:29:00,0.084,96,12.4,60,981.04,1,2,3,,
01/11/2021 20:30:00,0.177,93,12.6,60,980.83,1,1,3,,
01/11/2021 20:31:00,0.259,90,12.5,60,980.71,1,1,2,,
01/11/2021 20:32:00,0.186,93,12.4,60,980.61,1,1,3,,
01/11/2021 20:33:00,0.129,95,12.5,60,980.5,1,1,3,,
01/11/2021 20:34:00,0.098,96,12.5,59,980.52,1,1,1,,
01/11/2021 20:35:00,0.049,98,12.5,58,981.1,1,1,1,,
01/11/2021 20:36:00,0.04,98,12.4,58,981.23,1,1,2,,
01/11/2021 20:37:00,0.075,97,12.4,57,981.27,1,1,2,,
01/11/2021 20:38:00,0.042,98,12.4,58,981.2,1,1,2,,
01/11/2021 20:39:00,0.091,96,12.5,58,980.91,1,1,2,,
01/11/2021 20:40:00,0.081,96,12.6,58,981.11,1,1,2,,
01/11/2021 20:41:00,0.079,97,12.6,58,981.16,1,2,3,,
01/11/2021 20:42:00,0.126,95,12.7,57,981.55,1,2,3,,
01/11/2021 20:43:00,0.164,93,12.7,58,981.67,1,2,3,,
01/11/2021 20:44:00,0.182,93,12.8,57,981.42,1,2,3,,
01/11/2021 20:45:00,0.229,91,12.8,57,981.35,1,2,4,,
01/11/2021 20:46:00,0.22,91,13.0,57,981.22,1,2,4,,
01/11/2021 20:47:00,0.194,92,13.1,57,981.22,1,2,4,,
01/11/2021 20:48:00,0.169,93,13.1,57,981.24,1,2,3,,
01/11/2021 20:49:00,0.259,90,13.1,57,981.18,1,1,2,,
01/11/2021 20:50:00,0.379,85,13.1,57,981.59,1,2,3,,
01/11/2021 20:51:00,0.397,85,13.1,58,981.74,1,3,4,,
01/11/2021 20:52:00,0.266,90,13.0,58,981.65,1,4,5,,
01/11/2021 20:53:00,0.328,87,13.1,57,982.02,1,4,5,,
01/11/2021 20:54:00,0.327,87,13.0,56,981.83,1,4,6,,
01/11/2021 20:55:00,0.288,89,13.1,56,982.01,1,4,5,,
01/11/2021 20:56:00,0.31,88,13.0,56,981.94,1,4,5,,
01/11/2021 20:57:00,0.306,88,13.1,57,981.98,2,5,6,,
01/11/2021 20:58:00,0.335,87,13.1,57,982.43,2,5,6,,
01/11/2021 20:59:00,0.396,85,13.1,56,982.61,2,5,6,,
01/11/2021 21:00:00,0.38,85,13.1,55,983.19,2,4,6,,
01/11/2021 21:01:00,0.42,84,13.0,55,982.52,2,4,5,,
01/11/2021 21:02:00,0.376,85,13.0,55,982.47,2,5,5,,
01/11/2021 21:03:00,0.438,83,12.9,56,982.45,2,4,5,,
01/11/2021 21:04:00,0.434,83,13.0,55,982.44,2,4,5,,
01/11/2021 21:05:00,0.398,85,13.0,56,982.36,,,,,
01/11/2021 21:06:00,0.359,86,12.8,57,982.06,3,5,6,,
01/11/2021 21:07:00,0.37,86,12.8,58,981.72,2,4,5,,
01/11/2021 21:08:00,0.393,85,12.9,57,982.0,3,5,6,,
01/11/2021 21:09:00,0.424,84,12.8,56,981.76,3,6,7,,
01/11/2021 21:10:00,0.455,82,13.0,56,982.08,3,5,7,,
01/11/2021 21:11:00,0.409,84,13.1,55,981.79,3,5,8,,
01/11/2021 21:12:00,0.44,83,13.2,55,981.92,3,5,8,,
01/11/2021 21:13:00,0.49,81,13.2,55,982.21,,,,,
01/11/2021 21:14:00,0.473,82,13.1,54,982.16,3,4,8,,
01/11/2021 21:15:00,0.423,84,13.1,53,982.07,3,4,8,,
01/11/2021 21:16:00,0.339,87,13.0,53,981.78,3,5,9,,
01/11/2021 21:17:00,0.382,85,13.1,53,982.25,3,5,9,,
01/11/2021 21:18:00,0.438,83,13.3,53,982.37,3,5,10,,
01/11/2021 21:19:00,0.39,85,13.4,53,982.16,3,4,9,,
01/11/2021 21:20:00,0.407,84,13.4,53,982.09,3,4,8,,
01/11/2021 21:21:00,0.473,82,13.6,53,982.12,3,4,8,,
01/11/2021 21:22:00,0.559,79,13.8,54,982.07,3,4,8,,
01/11/2021 21:23:00,0.66,75,13.7,55,982.49,3,4,9,,
01/11/2021 21:24:00,0.637,76,13.7,55,982.18,4,5,9,,
01/11/2021 21:25:00,0.691,74,13.7,56,982.53,4,6,9,,
01/11/2021 21:26:00,0.703,73,13.8,56,982.41,3,5,8,,
01/11/2021 21:27:00,0.673,74,13.8,55,982.74,3,4,8,,
01/11/2021 21:28:00,0.662,75,14.0,55,982.63,3,5,10,,
01/11/2021 21:29:00,0.701,73,14.1,55,982.76,4,6,11,,
01/11/2021 21:30:00,0.744,72,14.1,55,982.64,4,6,10,,
01/11/2021 21:31:00,0.774,70,14.0,55,982.8,4,6,10,,
01/11/2021 21:32:00,0.888,66,14.2,54,983.18,3,5,8,,
01/11/2021 21:33:00,0.865,67,14.1,54,982.8,3,5,8,,
01/11/2021 21:34:00,0.893,66,14.1,54,983.04,4,5,9,,
01/11/2021 21:35:00,0.866,67,13.9,54,982.61,4,6,9,,
01/11/2021 21:36:00,0.88,66,14.0,56,982.8,4,6,10,,
01/11/2021 21:37:00,0.898,66,14.0,56,982.24,5,7,10,,
01/11/2021 21:38:00,0.908,65,13.9,55,982.42,5,7,10,,
01/11/2021 21:39:00,0.9,66,13.9,56,982.52,5,6,9,,
01/11/2021 21:40:00,0.896,66,14.1,56,982.09,,,,,
01/11/2021 21:41:00,0.947,64,14.1,56,982.3,6,7,9,,
01/11/2021 21:42:00,1.001,62,13.9,56,982.3,5,6,8,,
01/11/2021 21:43:00,0.921,65,13.8,56,982.13,4,6,8,,
01/11/2021 21:44:00,0.952,64,13.7,57,981.77,5,6,9,,
01/11/2021 21:45:00,1.002,62,13.6,56,981.55,4,6,8,,
01/11/2021 21:46:00,0.987,62,13.7,56,981.43,5,6,8,,
01/11/2021 21:47:00,1.008,62,13.7,55,981.82,5,7,9,,
01/11/2021 21:48:00,1.097,58,13.7,55,981.51,5,6,8,,
01/11/2021 21:49:00,1.154,56,13.7,55,981.52,5,7,8,,
01/11/2021 21:50:00,1.221,54,13.6,55,981.73,5,7,8,,
01/11/2021 21:51:00,1.231,53,13.4,55,981.68,5,7,8,,
01/11/2021 21:52:00,1.333,50,13.4,55,982.06,5,6,7,,
01/11/2021 21:53:00,1.361,48,13.4,56,981.92,5,6,7,,
01/11/2021 21:54:00,1.354,49,13.5,57,982.02,5,7,8,,
01/11/2021 21:55:00,1.355,49,13.5,58,982.09,5,7,8,,
01/11/2021 21:56:00,1.439,46,13.6,58,982.2,5,7,8,,
01/11/2021 21:57:00,1.464,45,13.5,58,982.13,4,6,8,,
01/11/2021 21:58:00,1.447,45,13.6,58,982.2,4,6,9,,
01/11/2021 21:59:00,1.513,43,13.7,59,982.48,5,7,9,,
01/11/2021 22:00:00,1.513,43,13.5,58,982.63,5,6,8,,
01/11/2021 22:01:00,1.498,43,13.5,58,982.8,5,6,8,,
01/11/2021 22:02:00,1.517,43,13.5,58,982.97,5,6,8,,
01/11/2021 22:03:00,1.526,42,13.5,58,983.11,4,5,8,,
01/11/2021 22:04:00,1.491,44,13.4,56,982.92,4,5,8,,
01/11/2021 22:05:00,1.431,46,13.3,57,983.0,4,5,8,,
01/11/2021 22:06:00,1.447,45,13.4,56,982.32,3,5,8,,
01/11/2021 22:07:00,1.353,49,13.3,55,982.25,4,5,9,,
01/11/2021 22:08:00,1.353,49,13.2,54,982.68,3,5,8,,
01/11/2021 22:09:00,1.29,51,13.1,54,983.05,4,6,9,,
01/11/2021 22:10:00,1.284,51,13.2,55,983.04,4,6,9,,
01/11/2021 22:11:00,1.245,53,13.2,54,983.24,,,,,
01/11/2021 22:12:00,1.211,54,13.1,54,982.99,5,6,9,,
01/11/2021 22:13:00,1.247,53,13.2,55,983.35,6,7,10,,
01/11/2021 22:14:00,1.319,50,13.3,54,983.29,6,8,10,,
01/11/2021 22:15:00,1.312,50,13.1,55,983.17,5,7,9,,
01/11/2021 22:16:00,1.356,49,13.2,54,983.34,5,8,11,,
01/11/2021 22:17:00,1.395,47,13.2,54,983.44,6,9,12,,
01/11/2021 22:18:00,1.429,46,13.2,54,983.58,5,8,12,,
01/11/2021 22:19:00,1.524,42,13.2,54,983.58,,,,,
01/11/2021 22:20:00,1.558,41,13.1,54,983.83,4,6,12,,
01/11/2021 22:21:00,1.551,41,13.3,52,983.91,4,6,12,,
01/11/2021 22:22:00,1.487,44,13.1,52,983.64,3,4,12,,
01/11/2021 22:23:00,1.54,42,13.2,51,983.7,4,5,12,,
01/11/2021 22:24:00,1.551,41,13.3,50,983.56,3,5,11,,
01/11/2021 22:25:00,1.569,41,13.3,49,983.43,2,3,10,,
01/11/2021 22:26:00,1.582,40,13.3,49,983.75,2,3,10,,
01/11/2021 22:27:00,1.547,42,13.2,49,983.55,3,4,11,,
01/11/2021 22:28:00,1.464,45,13.1,49,983.89,4,5,11,,
01/11/2021 22:29:00,1.562,41,13.2,48,983.86,4,6,11,,
01/11/2021 22:30:00,1.648,38,13.2,48,983.58,4,6,11,,
01/11/2021 22:31:00,1.729,35,13.2,48,983.38,4,5,11,,
01/11/2021 22:32:00,1.717,35,13.1,46,983.55,4,5,12,,
01/11/2021 22:33:00,1.712,35,13.0,46,983.58,3,5,12,,
01/11/2021 22:34:00,1.741,34,13.1,48,983.66,4,5,13,,
01/11/2021 22:35:00,1.709,35,13.1,48,983.49,4,5,11,,
01/11/2021 22:36:00,1.733,35,13.4,49,983.24,4,6,12,,
01/11/2021 22:37:00,1.728,35,13.5,49,983.55,4,5,11,,
01/11/2021 22:38:00,1.714,35,13.5,49,983.76,4,5,12,,
01/11/2021 22:39:00,1.748,34,13.6,49,983.62,4,6,11,,
01/11/2021 22:40:00,1.74,34,13.6,49,983.59,4,5,10,,
01/11/2021 22:41:00,1.837,31,13.6,50,983.68,4,5,10,,
01/11/2021 22:42:00,1.829,31,13.5,50,983.88,4,5,11,,
01/11/2021 22:43:00,1.807,32,13.5,51,983.93,4,5,11,,
01/11/2021 22:44:00,1.873,29,13.4,50,983.6,5,6,12,,
01/11/2021 22:45:00,1.877,29,13.5,49,983.73,5,7,12,,
01/11/2021 22:46:00,1.9,28,13.6,50,983.55,4,6,11,,
01/11/2021 22:47:00,1.876,29,13.6,50,983.99,5,6,12,,
01/11/2021 22:48:00,1.825,31,13.6,49,983.94,4,5,12,,
01/11/2021 22:49:00,1.853,30,13.4,50,984.28,5,6,13,,
01/11/2021 22:50:00,1.879,29,13.4,51,984.41,1,1,2,,
01/11/2021 22:51:00,1.917,28,13.4,50,984.82,1,1,2,,
01/11/2021 22:52:00,1.952,26,13.2,49,984.83,1,1,2,,
01/11/2021 22:53:00,1.883,29,13.2,50,984.93,1,1,2,,
01/11/2021 22:54:00,1.786,33,13.1,50,984.99,1,1,2,,
01/11/2021 22:55:00,1.759,34,13.1,50,985.03,1,1,2,,
01/11/2021 22:56:00,1.814,31,13.2,51,984.93,1,1,2,,
01/11/2021 22:57:00,1.874,29,13.2,50,984.81,1,1,2,,
01/11/2021 22:58:00,1.949,26,13.5,50,984.91,1,1,2,,
01/11/2021 22:59:00,1.9,28,13.5,50,984.86,1,1,2,,
01/11/2021 23:00:00,1.949,26,13.5,50,984.38,,,,,
01/11/2021 23:01:00,1.988,25,13.6,50,984.32,1,1,2,,
01/11/2021 23:02:00,1.973,25,13.7,50,984.39,1,1,2,,
01/11/2021 23:03:00,1.917,28,13.5,50,984.25,1,1,2,,
01/11/2021 23:04:00,1.848,30,13.5,50,983.83,1,1,2,,
01/11/2021 23:05:00,1.885,29,13.4,50,983.88,1,1,2,,
01/11/2021 23:06:00,1.934,27,13.3,51,983.6,1,1,2,,
01/11/2021 23:07:00,1.863,30,13.1,51,983.74,1,1,2,,
01/11/2021 23:08:00,1.86,30,13.0,50,983.81,1,1,2,,
01/11/2021 23:09:00,1.832,31,13.1,49,983.88,,,,,
01/11/2021 23:10:00,1.88,29,13.2,48,984.1,1,1,2,,
01/11/2021 23:11:00,1.823,31,13.3,49,984.01,1,1,2,,
01/11/2021 23:12:00,1.847,30,13.3,49,983.67,1,1,2,,
01/11/2021 23:13:00,1.814,31,13.4,48,983.72,1,1,2,,
01/11/2021 23:14:00,1.766,33,13.2,48,984.38,1,1,2,,
01/11/2021 23:15:00,1.74,34,13.3,47,984.71,1,1,2,,
01/11/2021 23:16:00,1.773,33,13.2,46,984.47,1,1,2,,
01/11/2021 23:17:00,1.807,32,13.3,46,984.47,1,1,2,,
01/11/2021 23:18:00,1.779,33,13.3,45,984.16,1,1,2,,
01/11/2021 23:19:00,1.713,35,13.3,46,984.16,1,1,2,,
01/11/2021 23:20:00,1.721,35,13.2,47,984.03,1,1,2,,
01/11/2021 23:21:00,1.714,35,13.3,47,984.04,1,1,2,,
01/11/2021 23:22:00,1.79,32,13.3,47,984.23,1,1,2,,
01/11/2021 23:23:00,1.772,33,13.4,48,984.54,1,1,2,,
01/11/2021 23:24:00,1.799,32,13.4,48,984.85,1,1,2,53.80255705589228,-1.7517003993195643
01/11/2021 23:25:00,1.756,34,13.2,48,985.12,1,1,2,53.80256399254751,-1.7520360058678872
01/11/2021 23:26:00,1.754,34,13.3,48,984.93,1,1,2,53.802732825821465,-1.7521467244834648
01/11/2021 23:27:00,1.742,34,13.2,49,984.57,1,1,2,53.802483543202044,-1.7517564597618993
01/11/2021 23:28:00,1.682,36,13.3,50,984.42,1,1,2,53.8021497490044,-1.7514455925523524
01/11/2021 23:29:00,1.663,37,13.2,50,984.87,1,1,2,53.802197078748975,-1.7519083226282517
01/11/2021 23:30:00,1.553,41,13.4,50,984.71,1,1,2,53.80208497631882,-1.7518295359864664
01/11/2021 23:31:00,1.557,41,13.4,51,984.41,1,1,2,53.802260741801774,-1.7517656619520567
01/11/2021 23:32:00,1.509,43,13.4,52,984.19,1,1,2,53.80203869956371,-1.7513012829818007
01/11/2021 23:33:00,1.585,40,13.4,52,984.15,1,1,2,53.802053107203264,-1.751173916826241
01/11/2021 23:34:00,1.634,38,13.5,52,983.71,1,1,2,53.802210799814056,-1.7516425224374501
01/11/2021 23:35:00,1.626,39,13.6,52,983.93,1,1,2,53.80224136963244,-1.751564422624416
01/11/2021 23:36:00,1.716,35,13.5,51,983.85,1,1,2,53.80218796129414,-1.7517771774385547
01/11/2021 23:37:00,1.758,34,13.5,52,983.78,1,1,2,53.80216334194153,-1.75176463579568
01/11/2021 23:38:00,1.818,31,13.6,52,983.9,1,1,2,53.802110971087764,-1.751160743168197
01/11/2021 23:39:00,1.928,27,13.6,52,983.96,1,1,2,53.802107232355084,-1.7511352411862289
01/11/2021 23:40:00,1.924,27,13.5,54,983.8,,,,53.80208423709739,-1.7510652726121276
01/11/2021 23:41:00,1.953,26,13.4,54,983.79,1,1,2,53.802072887794985,-1.7510724328277862
01/11/2021 23:42:00,1.919,28,13.1,53,983.81,1,1,2,53.80230617626937,-1.75145302722489
01/11/2021 23:43:00,1.902,28,13.2,53,984.06,1,1,2,53.80231622843511,-1.7518038893306784
01/11/2021 23:44:00,1.976,25,13.3,53,983.89,1,1,2,53.80237035802728,-1.751758142734674
01/11/2021 23:45:00,1.964,26,13.3,53,983.91,1,1,2,53.80231787184545,-1.7513117565414051
01/11/2021 23:46:00,1.983,25,13.3,54,983.4,1,1,2,53.80218324620992,-1.750984398976385
01/11/2021 23:47:00,1.974,25,13.2,53,983.51,1,1,2,53.80238204557616,-1.7506518313697093
01/11/2021 23:48:00,1.933,27,13.2,53,983.58,1,1,2,53.80252119292608,-1.7510988094456212
01/11/2021 23:49:00,1.934,27,13.1,53,983.38,1,1,2,53.80258404301287,-1.7514005546703473
01/11/2021 23:50:00,1.893,29,13.1,53,983.15,1,1,2,53.802416764652406,-1.7513813674749994
01/11/2021 23:51:00,1.887,29,13.2,53,983.48,1,1,2,53.8021631745236,-1.7514543918379228
01/11/2021 23:52:00,1.87,29,13.3,52,983.34,1,1,2,53.8023119611514,-1.7513123259479435
01/11/2021 23:53:00,1.916,28,13.4,52,983.26,1,1,2,53.80202856982733,-1.7510098415084008
01/11/2021 23:54:00,1.928,27,13.6,51,983.35,1,1,2,53.801689903767084,-1.7508388210579062
01/11/2021 23:55:00,1.873,29,13.5,50,983.35,1,1,2,53.801579281702566,-1.7515537558764562
01/11/2021 23:56:00,1.911,28,13.6,51,983.34,1,1,2,53.801699001988226,-1.7515858485037883
01/11/2021 23:57:00,1.862,30,13.7,51,983.19,1,1,2,53.80165305749773,-1.7515379342476989
01/11/2021 23:58:00,1.876,29,13.9,51,983.23,1,1,2,53.801577424150516,-1.7515969017884871
01/11/2021 23:59:00,1.91,28,13.9,51,983.34,1,1,2,53.801559388526,-1.750998328647953
